MovieID,MovieTitle,Category,Rating,RunTimeMin,ReleaseDate
613795b3-a8f5-485c-b096-000d54065d44,Intrigue Cube,Comedy,PG,114,5/1/2018
74421674-5e11-457a-af51-0012f93c8556,The Robotic Trek,Family,PG,93,11/14/2017
432daea2-acf3-4643-b64c-00aa72d1ac01,Magic Intrigue,Romance,R,86,1/16/2018
7d4a2c91-b0a3-4a0a-be82-00d8f2fec501,Nautical Generation,Action/Adventure,R,134,12/12/2017
50ae0384-b603-4756-a7ae-011306f0b3ea,Real Brick,Family,PG,73,5/22/2018
7b28a010-4cff-4c4b-802b-014c54d94f4e,Journey of Stream,Action/Adventure,PG,153,2/27/2018
3f6ae89d-eb0d-4aa7-b760-016a0a9a8ae2,The Thread of Hunger,Science Fiction,R,173,10/31/2017
6533c76d-177c-4909-8cb9-016d03745c8f,Warehouse of Brick,Science Fiction,R,130,11/21/2017
44d39e16-3a45-4009-af91-016f45e18abc,Brick Cluster,Family,G,81,6/13/2017
5c4bcb88-6166-4482-9dc0-01d848fc50dd,Robotic Stream,Comedy,R,94,4/17/2018
5d91ad67-1563-44db-a595-029393eaf6e6,The Pool of War,Family,PG,108,2/27/2018
ba5a4953-a90f-4037-a1aa-02f71ea6d07b,Strong Pirate,Family,PG,75,6/20/2017
2e8d9c76-972f-40e3-902d-030a44699410,Journey of Engine,Science Fiction,R,134,11/21/2017
251d8c9d-592d-4dba-a7b0-048433b066b7,Blazing Scream,Action/Adventure,R,156,7/25/2017
de66add3-856b-422a-872f-04a4db6c1346,Forest Stream,Action/Adventure,PG,122,9/26/2017
1d98b452-c9ab-4aa5-b8ac-04b259d038d9,Generated Pizza,Science Fiction,PG=13,158,4/3/2018
2ed56070-f17a-4d1d-b610-04da97b5ea5d,The Generated Lake,Action/Adventure,R,100,5/22/2018
5d2370db-4737-4fc9-b99c-05ffd5e9c9e8,Card of Cube,Science Fiction,PG=13,151,1/30/2018
662dc11f-e834-4c63-8c5a-062512edbeb6,Cube of Pizza,Family,G,94,8/8/2017
3818db15-3c57-4d1f-96eb-07be2f82feea,Brick Brick,Comedy,PG,104,7/18/2017
0d95d168-d27e-4bd9-b3bb-0852c247635d,Spark Cluster,Family,PG,74,4/11/2017
8d067dbd-0e36-4843-afed-08954ef773c0,Generated Forest,Comedy,R,102,4/3/2018
a205f144-d975-4308-bf92-098aec8d79a7,Magical Thread,Comedy,R,91,12/19/2017
2e582f25-2332-4c5a-93fb-0a27408647da,Mysterious Trek,Comedy,R,120,9/5/2017
0b31a812-7991-42ae-9661-0a6fa0842106,Adventure of Pizza,Action/Adventure,R,110,11/7/2017
5f878c1a-58d3-46e8-92fb-0a9b7bf07e73,Western Lake,Comedy,R,119,11/14/2017
f6cd0174-9d9b-47c2-aff6-0b54ed01de1e,Mysterious Ring,Science Fact,PG=13,145,2/6/2018
18aee5bf-0dc2-4b88-8695-0c2fa561636a,Western Joy,Romance,R,106,6/26/2018
642b2292-6e69-4ab7-903b-0c4b2e66e8c3,Pizza Factory,Science Fiction,R,145,1/23/2018
8225e6ec-e782-4f9c-8f12-0c9ddc835ab3,The Best Card,Family,G,82,8/15/2017
4665155c-c263-41fa-adba-0dcf7d56e320,Forest Pirate,Family,G,81,6/20/2017
1a947ad6-641a-466c-8b4b-0e3c5655db4b,Adventure Pizza,Romance,R,106,11/21/2017
e3078106-b963-40e7-8a72-0e43104e89c9,Robot Garden,Romance,PG=13,102,5/29/2018
a8f19c31-21c3-45f9-8bab-0e7ef406ceb2,Fate of Cube,Science Fiction,PG,167,3/27/2018
33e0071c-499f-4885-aff9-0ee9b453fe05,The Hand of Joy,Family,PG,97,11/14/2017
8af0f54d-815b-4a1a-9a44-0f4c7d6d427a,Western Dogs,Romance,R,85,5/23/2017
ddf3b6af-4e45-4ddf-a652-101bb451fac3,The Dogs of Joy,Action/Adventure,R,122,8/15/2017
a1208695-1b27-47c5-9d41-109b1f21e4e4,Intrigue Factory,Action/Adventure,PG,122,6/13/2017
1efaac20-e400-4f79-acd7-10b5a7ff5e6f,Intrigue Stream,Romance,PG,94,4/25/2017
5e1dae27-80a7-425b-b128-10fffd35f733,Intrigue of Forest,Romance,R,85,3/6/2018
9cb2f565-fd0d-410d-9f90-115d56e0e9c4,Important Magic,Science Fiction,R,141,6/12/2018
f1fc4673-f9e8-4b1b-b345-11c5d6af99b9,Pizza of Brick,Family,PG,92,4/11/2017
6f2639af-be09-484c-b6ff-11fb825da546,The Happy Kitchen,Action/Adventure,R,154,11/21/2017
d8ffec06-9ef5-4851-906a-1285d5383cd4,Free Warehouse,Romance,R,109,3/27/2018
d022e9a9-dfb6-42ea-8092-12b0cf3728c1,Warehouse of Lake,Science Fiction,PG=13,156,6/5/2018
eaded03b-6da1-4d4b-b22d-1318e3a4339e,Journey Kitchen,Family,PG=13,85,5/30/2017
ec55c2dd-096e-4d25-bb26-1377a8166eb4,Intrigue Spark,Comedy,R,115,11/21/2017
cf741033-a7c0-4a3f-885e-13ebde2b443b,Local Garden,Family,PG,80,6/5/2018
3aeee9a8-8620-4ccf-abe3-1463ee03aa48,Engine Cluster,Comedy,PG,106,8/29/2017
4b1f9e2a-2373-4da4-bafb-14e73306698d,Magical Brick,Family,PG,83,4/17/2018
6c1f31ea-4fb3-4e58-9036-14f8e171f9c4,Happy Dogs,Romance,R,104,5/8/2018
4ee7aa6c-c228-4b89-a96c-15096bc41183,Generated Adventure,Action/Adventure,PG,151,4/17/2018
b4f35195-e489-4085-9ac2-154ac2810164,Flying Stream,Family,PG,97,7/25/2017
a0466ce0-d8c8-4dbf-ada7-157c0c237896,Fate of Journey,Family,PG,105,4/25/2017
eae4c886-1d1d-45f3-8b8d-15a9c2a5142d,Generation Generation,Family,PG,107,8/1/2017
d17d9111-2c85-4105-968a-166c271e17f4,The Space Detective,Science Fiction,PG,146,4/11/2017
15b0a310-b44e-4242-87a8-1691e564c4ae,Data Engine,Family,G,80,2/20/2018
ee3806b2-150d-433f-92ce-170d69e168d7,Trek Stream,Family,PG,88,5/30/2017
fb89c882-8475-4ec3-9cdc-176a6f5f1a15,Chilling Flight,Comedy,R,101,4/4/2017
8dd8e49c-8fc3-4178-b9c4-179c824dcbea,The Magical Stream,Family,PG=13,89,4/18/2017
51286854-2b5e-4dc6-96b1-17ed80abf967,Adventure of Kitchen,Romance,R,89,9/26/2017
82e22b66-1543-4fe7-b3f0-1824cffb3012,Data Factory,Family,PG,77,6/26/2018
910b3e9c-7a8f-4a50-a90b-1833c4bf585c,True Trek,Action/Adventure,PG,126,3/6/2018
939c9f28-fe91-4a47-b919-1862e2c81fdd,The Important Cluster,Comedy,PG,105,6/20/2017
ad7da512-fd6b-4779-bd1c-188b911abc5b,Destiny Fate,Science Fiction,R,138,10/10/2017
0617ed0e-de5b-41b5-9101-19287447cc6a,Mysterious Pool,Family,PG,74,12/5/2017
82c0b7e2-d4a6-4655-bf67-19cb537080b1,Engine Lake,Romance,PG,96,9/19/2017
06fd2ad7-b1b2-4acb-b6d4-19f3d4f1b166,Forest of Pizza,Action/Adventure,PG,130,5/15/2018
0692a0c5-ab3b-47dd-adbd-19f9f6b6d4cb,The Best Lake,Science Fiction,R,146,5/8/2018
8ef2ac0b-9c61-4967-aef1-1a128b776218,Data Destiny,Science Fiction,R,167,8/8/2017
c24d43dd-dbc6-47d3-b450-1b4e2b8fa1f3,The Generated Forest,Family,G,104,6/12/2018
98b5ae1f-017d-4ecc-92fe-1b5f5deab625,Trek Cube,Comedy,R,86,6/12/2018
94fb4905-537b-4250-917f-1b75e536b54f,Mysterious Garden,Comedy,R,112,2/6/2018
6931d58b-dc21-4548-921d-1c4ab10840c4,Adventure Data,Science Fiction,R,125,10/10/2017
b4bdc208-5eff-4dda-b556-1c69b32874e3,Forest Adventure,Action/Adventure,PG,154,6/27/2017
a20d367a-8d5d-464c-bd05-1c98e882ee4b,Pirate Pizza,Family,PG,106,8/29/2017
8fbb6fb6-0d99-4a36-b78b-1d380b92279a,Robot Sorrow,Romance,PG=13,106,7/25/2017
42f38c07-fdab-4278-a062-1d60ac7038e5,Clear Extraction,Action/Adventure,R,113,8/8/2017
e2bd5fec-74f5-4fde-b8df-1d6156f6170c,The Frozen Detective,Family,PG,77,1/9/2018
4bd4f44a-1cc2-45b1-b0d4-1d9955bfcb1a,Pizza Detective,Romance,R,96,4/10/2018
b76586fe-6a3f-4543-84c0-1e00d7aed5d0,The Mysterious Pirate,Comedy,R,125,1/9/2018
b3e47c5f-6479-4ec5-818c-1e50099579c7,Detective Stream,Science Fiction,PG=13,148,8/1/2017
0e6ff683-5655-45e6-b722-1ec832f6b9d0,Pizza of Data,Comedy,PG,116,1/9/2018
a9f1a28f-2a7a-490c-a37e-1f0df1ad0b6c,Best Factory,Comedy,R,88,7/18/2017
bbcc6a1e-5451-470e-8f15-1f55d34e1c31,Western Robot,Action/Adventure,R,110,7/11/2017
fcb5df79-9080-4d0e-9e4f-1fa7a67cf010,Intrigue Robot,Comedy,R,127,2/20/2018
dd32c5d5-c67a-4b17-bfc4-1fb1826e0bcd,The Happy Stream,Science Fiction,PG,172,10/24/2017
8455075d-afb8-4c55-95c7-20061cea2e89,Pirate of Adventure,Science Fiction,PG=13,117,3/6/2018
bf0bc388-f729-4634-80c7-200b98eb4066,Card Warehouse,Comedy,R,110,1/30/2018
f8559862-3934-4610-a99e-201771488d0c,Adventure of Generation,Romance,R,94,6/6/2017
570d3bea-90f0-4eca-91c1-204887e4263c,Destiny Cluster,Family,G,96,5/15/2018
9fac98ac-0e97-49b8-a6c0-206164f5c48b,Space Magic,Family,G,78,3/20/2018
5a582412-09a2-45ad-830a-21e5299387dc,Joyous Robot,Family,G,94,10/31/2017
213192e6-7caf-432f-9e36-224464cdaf3c,Random Pizza,Family,G,93,6/26/2018
8af5d763-afdd-4880-a4b5-22612d70d87e,Destiny Extraction,Romance,R,101,11/7/2017
f054a005-a70b-47a3-bab3-226921fdbc54,Happy Ice,Family,G,103,1/23/2018
a5bad8a6-5b8a-4763-ac89-228656889fed,Garden Warehouse,Romance,PG=13,93,3/6/2018
674430c4-6ace-409e-981b-22c56157b8f9,The Western Journey,Romance,R,87,12/26/2017
852b9d0d-28fa-4d54-a2c6-22db806af4e0,Major Lake,Science Fiction,PG=13,134,10/24/2017
05a28548-47b7-4006-b99e-22e840c57569,Major Kitchen,Family,PG,106,6/19/2018
7b2f3a56-9a7b-4a43-86c3-2337a002e772,Chilling Trek,Romance,R,96,6/26/2018
5729c798-18c5-4950-842f-23557a34c1c5,Warehouse of Garden,Action/Adventure,PG,147,2/6/2018
1cf829d7-fd71-415c-a35c-2370bbdfdf10,The Case of Adventure,Family,PG=13,98,8/22/2017
d8b8982f-4fc1-4a19-b0e7-2386a1a0dd16,Chilling Cluster,Comedy,R,101,6/6/2017
08d649e6-2c13-4feb-85c4-23ed587e5d4e,Stream Intrigue,Romance,R,86,3/27/2018
f121b156-8653-4fd0-a541-24421ab0a63e,Burning Extraction,Romance,PG=13,100,5/22/2018
a7d85dea-4bc0-41b0-90fc-24b38ed6c8cd,The Different Cluster,Comedy,PG,116,4/10/2018
3d5ded79-9c7c-47b4-81a9-24d13209f54b,Generation of Fate,Science Fiction,PG=13,159,7/18/2017
dcf13cd7-6e13-40b4-8e56-24e1c5240df6,The Random Spark,Family,PG=13,98,5/16/2017
e031538a-ea16-4c98-ae14-25256535ebdf,Burning Sorrow,Romance,R,102,2/6/2018
a1769aee-a616-4ccf-865e-25842fc5064e,The Real Garden,Science Fiction,R,173,8/22/2017
8f9db7a8-691f-41ea-9335-2594c978b9dd,Intrigue of Spark,Comedy,PG,127,3/27/2018
0671affe-1607-4b1a-b59b-25cbd420982e,Lake of Lake,Family,PG,97,1/30/2018
c9b3d3a6-f88b-4d42-93e4-25e092df1c09,Frozen Sorrow,Science Fiction,PG,147,8/22/2017
806a4471-c794-4ef4-9ba6-25ed2a5acbff,The Joyous Spark,Romance,PG=13,106,10/10/2017
eb0ce810-b0bc-4645-8d2d-261aad1b726b,International Destiny,Action/Adventure,R,112,5/23/2017
6b9b190f-a47f-42fa-b9c8-2623ddf30c88,Brick Warehouse,Family,PG,105,2/27/2018
b38d5a9f-518c-4c4f-9eea-2637a4024dd0,Cube of Robot,Science Fiction,PG,126,5/9/2017
04e82304-b797-411c-94ee-2703474cf804,Sure Extraction,Action/Adventure,R,104,6/26/2018
6b705584-123b-42ac-b417-2723270e37ed,Garden of Garden,Romance,PG,87,3/27/2018
7601e72b-5ef8-4178-8b1a-275de777c5fd,The Chilling Cube,Romance,PG=13,107,11/21/2017
13456c05-92e7-44ba-9c0e-27f3d2c24dc6,The Fantastic Factory,Science Fiction,PG=13,189,10/10/2017
447b4fbb-43ed-4274-9b05-2829dfd7591c,Cluster of Data,Science Fiction,R,110,5/30/2017
de9469c8-e019-4b31-bd28-28721cbb2fc1,Sure Generation,Romance,PG=13,94,5/29/2018
29c24065-27b2-4173-8224-28bb1b8545bb,Great Adventure,Action/Adventure,R,129,6/20/2017
360adcb7-393d-42b1-a8b4-28d0e5edff70,The Great Journey,Science Fiction,PG=13,126,3/13/2018
24e2ba95-e765-4c33-8b91-290fd7e9245f,The Random Forest,Action/Adventure,PG,140,5/30/2017
601f9b5c-93f6-4b03-8d45-292c4c8b5601,The Major Kitchen,Romance,R,87,10/3/2017
be8153ac-39d1-431a-a95d-2957cddeeddb,The Frozen Card,Romance,R,101,3/13/2018
a25a7d11-9cef-4ab0-93fb-298596e0d4a0,Garden Robot,Action/Adventure,PG,136,5/15/2018
22990a83-d042-42bc-ad39-299933a2d36e,Mysterious Data,Science Fiction,R,183,7/11/2017
e8d0bf13-72bf-4a17-aa1d-29b41e0ec1dc,International Robot,Science Fiction,PG,148,4/3/2018
eb4d97d2-a841-4d25-9925-29db3857e5db,The Happy Data,Family,G,96,4/10/2018
1135b02c-4e2a-4954-8a03-2a4b95809598,Fate of Card,Science Fiction,PG=13,171,10/24/2017
c6ba9c98-8122-42a7-91c4-2a86bda16b9a,Stream of Brick,Science Fiction,R,120,1/2/2018
33e0808d-359e-4cf6-9fe2-2a9c5263dfb9,Flying Hunger,Romance,PG,88,2/13/2018
9b234e1c-8c93-4985-a05e-2ac495ed970d,Data of Card,Action/Adventure,R,146,9/12/2017
6e927edc-74b8-4af8-9f6c-2ae9ad117a66,Forest of Magic,Family,PG,92,7/11/2017
289928a7-3631-4eaa-9fac-2b157c2d170e,Fate of Kitchen,Comedy,R,99,2/13/2018
9a753f14-2b1a-45ca-b8e2-2b67ed6a5fa0,Frozen Sorrow,Romance,PG=13,88,8/29/2017
bcca67fb-f44e-4ddc-87d8-2ba63ea634c7,The Real Kitchen,Comedy,PG,125,4/10/2018
1de9946c-32ee-4121-97b9-2bb965b00f26,Kitchen Robot,Romance,R,86,4/10/2018
ea4435a5-ef93-4a7f-b399-2bc307474ac7,The Flight of Ice,Comedy,R,122,8/29/2017
f0f5ae62-5fe7-41e2-a5d3-2c4ca60fb27d,Journey of Adventure,Comedy,R,96,8/22/2017
eb55cabc-7c64-4d42-9bd7-2c93d218b448,Factory of Brick,Family,PG,95,2/13/2018
397222cd-d164-4662-b7b7-2cad6cf2f0a1,Nautical Cube,Romance,R,109,4/10/2018
aeaf8750-4a43-4e17-93b0-2cc40f9f5968,Trek Cube,Romance,R,95,11/7/2017
f1ce6863-0d2c-4118-ba52-2d4503b914ed,Card of Pizza,Family,G,84,9/19/2017
4451c6f7-bb5a-4e66-ae72-2d5d9a0905a6,The Forest of Fate,Comedy,PG,107,4/10/2018
07d4d1e6-69b0-46dc-bd26-2df6da982f32,The Flying Extraction,Romance,R,92,5/22/2018
8e47bc35-a36a-45fd-9479-2e0e8a0e3241,Spark of Journey,Comedy,R,117,6/27/2017
40c96181-e21f-4fc1-99be-2e191d75a008,The Western Fate,Family,G,91,7/11/2017
5a06306d-e230-4ef9-865f-2e9238a0738e,Mysterious Generation,Romance,PG,90,11/28/2017
ff889436-8528-4382-b518-2eb616790071,Blazing Cave,Comedy,R,123,9/19/2017
fef8a49a-6d58-4720-a711-2f56c0708367,Engine of Factory,Action/Adventure,R,138,4/24/2018
68005ae2-5f3b-48d5-846d-2f6510c7ee63,Spark Garden,Action/Adventure,PG,103,6/12/2018
5aa9e74a-1410-4e4f-a55f-30419504356e,Pirate Forest,Action/Adventure,PG,115,4/25/2017
ea9777bc-40ef-4b9c-93e6-30c216b0b821,Clear Data,Romance,R,97,10/3/2017
f610a6a3-655a-453e-b2ee-31f97b7c0bdd,Different Lake,Family,PG,93,5/15/2018
b3738777-0b29-4527-ae35-325a904a0cfb,Social Pizza,Romance,PG,106,5/1/2018
98b74675-aa36-40fb-b119-3282584aca99,Detective Factory,Science Fiction,R,127,12/5/2017
c7aec585-32b0-4b5d-93a3-32bd86d97a5f,The Generated Magic,Romance,R,85,4/11/2017
4d889b7f-3043-4c06-9317-3338b0f66ba8,Stream Spark,Family,PG,109,3/6/2018
2872871e-c5a8-4c1b-9cc8-336f86e77bfe,Data of Robot,Family,PG,93,1/9/2018
632c920c-17bc-4702-b28f-339a94e0deaf,Generation of Cluster,Family,PG,91,3/13/2018
5a9fff7e-828e-4e33-9378-33b8e35ac99f,The Social Destiny,Comedy,PG,89,10/31/2017
2663ab65-357a-4b35-9609-341cb5a899e2,The Certain Card,Science Fiction,R,171,6/12/2018
c7dae590-f88d-48f2-b94f-3452d1c94cab,Stream Warehouse,Science Fiction,PG=13,165,12/12/2017
0af04000-7c1e-4537-95fb-345f2c3498eb,Mysterious Ice,Family,PG,84,9/26/2017
25fb6472-fcbe-4bd2-b976-349b99ba22b3,Sure Garden,Romance,PG,88,11/28/2017
9d91a6c0-b4c1-47f0-a481-3533c282e563,The Joyous Robot,Comedy,PG,90,11/7/2017
cd8d72da-af75-46b8-bc63-35419cd8b705,Frozen Book,Romance,R,87,6/6/2017
66d8948a-94e8-4096-aadc-3548eae72371,Adventure of Extraction,Family,PG,88,1/23/2018
f1bd15cc-73b2-4179-bd18-3554ead9176e,Frozen Flight,Action/Adventure,R,126,2/27/2018
2c5cf581-62bc-45aa-b73b-356af770b85a,Data of Cluster,Action/Adventure,PG,117,4/18/2017
644a0c40-0ca2-4b4c-b67c-369127c3edee,The Space Pirate,Action/Adventure,R,100,9/5/2017
438be215-6695-4f53-9356-36b65f86afd5,The Old Lake,Family,PG=13,93,6/13/2017
55a9e7f4-2700-4cb7-b252-36bec03e27ec,The Case of Hunger,Family,PG,82,2/6/2018
8e6a59b3-a249-4a1f-b5c7-3711e0a4b25a,The Local Lake,Science Fiction,R,170,1/16/2018
5904391a-176f-4f09-9341-3851cabda057,Garden of Factory,Family,PG,92,5/8/2018
af8cee14-c676-4c3a-9de3-38a867317339,Strong Cluster,Romance,PG,85,4/17/2018
07e332ac-7e4a-4056-b026-38fc5774c303,Detective Cluster,Romance,PG,97,8/8/2017
c36ba6d3-0fff-4cf2-83a7-394c204560f2,The Best Brick,Romance,R,95,12/26/2017
2f13d6c3-849a-465c-a9f0-3977c37e9796,The Certain Stream,Comedy,PG,110,11/7/2017
69b24982-2d20-402d-881e-39fd9ebeb8a9,The Flying Destiny,Action/Adventure,PG,158,9/26/2017
8cd7f791-c29c-4d42-8b64-3a2d474c097a,Different Brick,Family,PG,106,3/20/2018
d130f24c-5cc9-4a50-ba01-3a36babc9668,The Cave of Fate,Family,PG,107,9/26/2017
94dba00b-00c4-44b3-9532-3a6ff4816394,Factory Brick,Family,PG,83,10/10/2017
2f343743-e892-450d-8032-3a7843ee7d20,Detective Generation,Action/Adventure,PG,130,11/28/2017
ae774696-f613-46fb-8f9b-3b03c4f1c17e,Detective of Generation,Family,PG,99,5/8/2018
3d0c2018-6694-43ad-afb4-3b4905dc9719,The Social Detective,Action/Adventure,R,124,12/26/2017
74488d8c-2002-4cf0-9a48-3b8ebc5d5510,The Joyous Fate,Romance,PG,100,12/5/2017
7b26c9e2-7dbc-4759-89ef-3c44b32e985f,Flying Data,Family,PG,106,9/5/2017
3b96df8b-9b31-49c5-aae0-3c58c6a5f585,Factory of Factory,Romance,PG,109,4/11/2017
aee1d460-344c-47ad-9a56-3c5e224dff0f,Important Pizza,Science Fiction,PG,178,5/22/2018
c93b0fb4-b087-4b2d-9c50-3c695fd0ed82,Spark of Card,Romance,R,104,4/4/2017
cab93ea7-f02e-44a6-b468-3c69fb649800,The Generated Kitchen,Science Fiction,PG=13,172,4/25/2017
33f340f4-96ff-4a81-9358-3ca0e44fe67d,Garden Detective,Romance,PG=13,86,3/13/2018
6b84eb11-d722-4934-93d1-3ce964fb8369,Cube of Magic,Action/Adventure,R,120,6/20/2017
12776bd8-7643-48d7-83e7-3d7c66c7a728,The Best Garden,Romance,PG=13,85,9/26/2017
6bee8699-3bb9-4059-90d4-3dc4313d1972,Extraction Destiny,Romance,R,86,5/1/2018
feba5669-48e5-46d3-9c4e-3dd110f95a0d,Journey Brick,Romance,PG=13,90,5/16/2017
19ad8287-7ade-432b-bfca-3e4490b49374,Engine Adventure,Family,G,107,7/4/2017
ee0e4d52-1902-47e9-8e43-3e9ee953561f,Best Garden,Comedy,R,121,4/18/2017
1b17c7de-6e74-43ab-9288-3f22135d56e4,The Random Kitchen,Family,PG,102,9/19/2017
428c86cd-a98e-4c7b-a136-3f41d65b0f35,Best Stream,Science Fiction,R,185,4/4/2017
af2fd38c-c119-4731-a8c3-3f51a4b01164,Strong Extraction,Romance,R,95,5/16/2017
61ae501f-6d57-42ee-8f61-402aa13387cb,Robot Hand,Romance,R,85,2/20/2018
4c0f39f2-4a43-4469-b5dc-404bd04ca0b6,Robotic Garden,Romance,PG=13,95,5/8/2018
bf927249-79e5-4242-b573-40a037b730c6,Journey Extraction,Romance,PG=13,107,1/16/2018
b1a54161-ddac-4107-b720-40d6b864a62f,Sure Kitchen,Comedy,R,113,7/11/2017
524f8d21-a2d8-48c9-aa95-413caa31529a,Extraction Trek,Family,PG=13,79,6/13/2017
786cb6da-acca-4e22-afef-41e146443b6b,The Flying Fate,Romance,PG,98,4/3/2018
3a5e94f5-772d-4ff0-a639-420e69d988ea,Happy Extraction,Family,PG,84,1/23/2018
539262f5-ade6-4acc-b378-4265de8afbbb,Adventure Factory,Action/Adventure,PG,152,5/2/2017
60508c20-c728-4d9f-83c0-42dd9a9d3e68,Kitchen Cube,Family,PG=13,74,2/13/2018
4a44a38f-8a91-49ec-a951-42de9db9bcc5,The Magical Pizza,Romance,R,97,12/19/2017
de50e355-33a7-42c0-a4d2-436fb2e581c5,Mysterious Engine,Comedy,R,115,3/20/2018
3b749ec0-d593-430b-a98f-43e7dda5e7ad,Magic of Destiny,Family,G,99,6/19/2018
8018ff92-bf69-4f88-8a36-43edf158927f,Warehouse Warehouse,Romance,PG,104,11/28/2017
9c1bf160-8569-40a7-8755-440844c7f934,Kitchen of Trek,Romance,PG,85,9/12/2017
ba9b9561-d735-48f8-a361-441138ce0822,Detective of Data,Action/Adventure,PG,122,1/9/2018
90521013-4d96-4124-8dba-44633abe00da,The Thread of Adventure,Romance,PG=13,96,1/9/2018
74ce3857-ee9b-45a5-849b-447b2ce8fad5,The Strong Data,Science Fiction,PG=13,134,8/15/2017
7ad46126-4149-4d16-97ca-44fd51cd4b1e,The Hand of Fate,Science Fiction,PG=13,187,7/25/2017
8dc9d279-dcb4-493f-b902-463dea89bba6,Card of Garden,Action/Adventure,R,139,2/20/2018
e2cefaed-6b0a-4f85-8d7c-463e6b7d5dea,The Frozen Cube,Science Fiction,PG,179,1/2/2018
7b5272f2-a2ae-4c62-8187-467dec465049,Western Intrigue,Action/Adventure,R,111,6/20/2017
4afc2398-5dff-4284-930c-46b03af71c77,Lake Garden,Family,PG,101,4/3/2018
4c27abb8-626d-4155-ab97-471d24b0c584,The Flying Card,Science Fact,PG=13,169,2/27/2018
024fb8d1-2612-43fd-bfe3-472fb9edba73,Happy Warehouse,Romance,PG,105,8/8/2017
18890b76-bc46-4865-9d4a-475cea5659e1,The True Pizza,Romance,R,106,6/27/2017
4ba302e5-1b66-43ab-816f-478e6ac23566,Journey Warehouse,Science Fiction,PG,124,9/12/2017
f70404a0-00ec-4099-939c-4794e43ffef4,Magic Kitchen,Action/Adventure,PG,103,1/16/2018
0cb1375b-aa82-4d16-81f4-47a4ceebb473,The Random Destiny,Romance,R,102,11/14/2017
0b8a61c9-cfa6-4199-9c41-47c1146b2c2d,Mysterious Detective,Comedy,PG,97,2/13/2018
54bb4805-a1c9-4d41-a804-481b41987990,The Mysterious Cluster,Action/Adventure,R,147,5/1/2018
ccac5cae-c6cc-4ff1-ac61-488a927cc8d1,Trek of Journey,Comedy,PG,129,4/11/2017
b608d06e-cd39-4f69-9fdf-48d7b61c7a9a,Blazing Adventure,Comedy,R,105,4/24/2018
c28bc6c9-a5c6-4fb8-a7b4-49985703dab5,Extraction Magic,Romance,PG=13,85,9/5/2017
7a917409-a8cb-4fb2-ba08-49a4612f419b,Western Data,Family,PG,97,11/28/2017
c9929b42-c51e-4c4e-9a53-49af630bfbc6,The True Destiny,Family,G,72,10/24/2017
747fc34b-439b-48fd-84ba-49fd89555467,Engine of Adventure,Romance,PG,90,6/5/2018
b7f0cff5-f9c2-4b5c-b159-4a991b7aba63,The Frozen Garden,Comedy,PG,82,7/25/2017
0facc41c-d946-4461-bc00-4abaebed236a,Detective of Forest,Family,PG,79,4/24/2018
64c6f481-a5f2-4397-a2c9-4b0063ff1adc,Trek Detective,Romance,PG=13,104,12/26/2017
710e785b-58d9-4c12-b985-4b0fbae7432e,Engine Generation,Romance,PG,107,9/26/2017
486c4d86-57bc-4eba-9653-4b1e3b12eb2d,The Clear Trek,Action/Adventure,R,115,3/27/2018
379c1f05-ebe1-4884-adaf-4b450bf5a3f8,Burning House,Science Fiction,PG,186,5/23/2017
b7b92738-505f-4d07-8b99-4b4ebf43836d,Generation of Lake,Comedy,R,90,1/30/2018
af977391-e793-4ae0-a9ef-4bf8f0b66540,The Pool of Fate,Romance,PG,89,6/20/2017
b92a8b4a-2268-451c-8af6-4c3033b37f63,The True Stream,Science Fiction,PG,127,3/20/2018
8234379f-41b1-48cc-8157-4c8d5215c3c9,Real Spark,Romance,R,89,10/24/2017
1f55cc7c-e91b-45c9-a09a-4c912291cd41,Cluster of Card,Action/Adventure,R,121,7/11/2017
74bfea53-6ed3-47a1-831c-4ccd076f8c0b,The Major Garden,Romance,PG=13,96,8/8/2017
87801f6f-5345-40b0-a48d-4cefd945fc10,The International Detective,Comedy,R,112,4/17/2018
27b46b14-1929-4917-b5fc-4dac2bd6fe74,The Theater of Destiny,Comedy,PG,112,5/16/2017
024988d1-0c2d-41b4-9c48-4fc9dcebd196,The Different Spark,Action/Adventure,R,129,6/26/2018
4bc163df-244c-4611-a931-50ad60e354ef,The Best Journey,Comedy,R,119,2/27/2018
8597ce54-2008-4c49-b2b0-50ecd26cf404,Happy Flight,Action/Adventure,R,113,11/28/2017
41384625-4b4e-4781-ab1b-511ebbc80198,The True Kitchen,Comedy,PG,94,5/15/2018
71b1b88a-f20c-4650-96c2-518889809bbd,Chilling Peak,Action/Adventure,PG,123,1/2/2018
68ec40ba-a005-4c7f-adec-51f5fa579d38,Fate of Forest,Romance,R,88,7/4/2017
74239590-6e03-4994-ae46-5236050b563c,The Frozen Stream,Science Fiction,PG=13,121,11/7/2017
2b0fccf4-9b52-4c78-a2ed-52e72cdc6fda,Pizza Trek,Action/Adventure,PG,119,6/13/2017
9f6483e2-88b5-48a0-9a97-52eada20c188,The Burning Lake,Family,PG=13,100,5/9/2017
12eb79e0-6ca2-48f3-b843-530b5ac6a5c4,Garden Data,Science Fiction,R,136,4/25/2017
a50ecc43-9ec9-4e44-8a79-53a7f4fc4354,Data of Adventure,Family,PG,97,5/30/2017
8e9a0da5-875a-4aba-9dec-53c1bf260baf,Card Brick,Romance,R,100,7/4/2017
6e3c7d96-10a4-498b-b9ee-5441773bea18,Cube of Fate,Family,PG,89,8/8/2017
9bb82aa1-b737-4a95-84e9-548d3dd383dd,The Happy Cluster,Family,PG,105,6/5/2018
1e34e13d-3bb2-421f-960b-54ae27d2321c,The Best Kitchen,Comedy,PG,84,6/19/2018
51411d03-ecdc-433f-be97-54bcded5bb36,True Cube,Romance,PG,99,5/23/2017
82f840f2-8b77-4ba7-8075-54fd681e787e,Strong Factory,Comedy,PG,92,5/23/2017
57275a42-9873-4e86-b431-557aa1d1b9be,Forest Pizza,Family,PG=13,99,12/5/2017
c23a5b28-a2c7-4b4f-9e63-55a2c9fa98a2,Space Thread,Action/Adventure,PG,112,1/2/2018
815d3e77-ff81-470f-98fa-564a84ab439e,The Free Journey,Comedy,PG,107,5/8/2018
3da223a1-7598-43f9-8785-5655e6c037d8,Random Stream,Comedy,PG,100,2/27/2018
2fd71006-58bf-45c7-81e5-566b52c999f5,Trek Brick,Family,PG,89,4/17/2018
5360911d-733a-4480-982d-567c1c526b74,The Peak of Adventure,Family,PG,87,4/25/2017
044ed3a8-e69e-432c-96b2-56bbef670003,Frozen Chime,Romance,R,93,11/7/2017
60387de0-3395-4405-8967-5712377f5886,Brick Forest,Romance,R,92,5/23/2017
c1c2257c-1447-4739-bccc-5793e6285a50,Card Spark,Romance,R,103,2/13/2018
0931529f-901b-430f-87f5-57e40c5467ab,Destiny Adventure,Action/Adventure,R,145,6/12/2018
e61948fd-d7bc-47cc-9f49-58a042a07c0b,Western Adventure,Romance,R,108,4/3/2018
80d78c06-807e-48d0-b448-59aad8bf43d0,The Sure Data,Family,G,98,10/17/2017
0b27a084-3eba-4cfc-9bb8-5a7f816bc2af,Certain Magic,Action/Adventure,PG,105,5/15/2018
cb4a9009-3cd3-48af-a311-5ad8f69b6325,The Clear Trek,Family,PG,104,9/12/2017
f181fe6f-095a-4359-bc63-5b14ed52da99,Kitchen Lake,Romance,R,90,4/24/2018
f32ecf85-d574-494c-8d3f-5b9584efedd1,Card of Robot,Comedy,R,95,2/6/2018
5b9171c4-dcd5-43eb-a887-5bb9fb28ebca,The Clear Spark,Action/Adventure,PG,104,6/26/2018
2ed7f011-d859-465d-a037-5bd1339feeda,The Happy Detective,Science Fiction,R,126,5/23/2017
39cffff3-edc3-48d3-98d5-5beb060cca38,Mysterious War,Family,PG,73,9/5/2017
28a2fb45-e989-4e69-bd84-5bee8c38db78,Intrigue Magic,Science Fiction,PG=13,174,4/24/2018
ffaa4ff7-cfd9-4aab-a8ab-5c8384dcba08,Card Engine,Science Fiction,PG=13,131,5/29/2018
1eece400-3e3e-4c13-a8df-5c9ef11c8aa6,Garden of Journey,Family,PG,109,7/25/2017
16e378c8-70cd-4d21-af70-5cd37fc99d12,Generated Extraction,Comedy,PG,116,1/2/2018
b4bd5ade-b64f-4dda-bffc-5d9070fd197b,Special Stream,Action/Adventure,PG,152,6/26/2018
a55a45a5-bdff-4da8-a54d-5d90d0ee9b41,The Important Engine,Family,G,89,9/12/2017
f5d3a8fa-29d4-4adc-b1af-5ddc5b37f07b,The Frozen Fate,Science Fiction,PG,127,5/1/2018
6b611b49-30de-42e1-8f20-5e074ee2f982,Card Kitchen,Science Fiction,PG,157,5/16/2017
0db63eac-fb09-4520-ad3b-5e3c4f414ce3,The Flying Magic,Family,PG,74,5/8/2018
9d4ab7e6-79cf-4889-887e-5edbed1584eb,The Chilling Brick,Action/Adventure,R,119,7/18/2017
62ccc775-ee27-47f9-880b-5eebc63feb47,Western Adventure,Romance,R,96,2/13/2018
b269f4e1-90ab-4285-ab56-5f0a0d06dc4c,The Different Factory,Action/Adventure,R,150,5/8/2018
c4db357c-3f55-4ef0-8108-5f21e0051799,The Nautical Journey,Romance,R,93,10/3/2017
b42003ba-fbf4-4f0b-b3b8-5f7687579809,The Fantastic Kitchen,Action/Adventure,R,148,6/13/2017
8b1a12cb-4523-4a9a-adfa-5feb17fa5930,The Different Intrigue,Romance,R,97,4/18/2017
c0ac50e0-a454-4a2f-bc10-5ff6eed75843,Destiny of Forest,Family,PG,95,1/30/2018
31427e3a-d37d-4abc-896d-5ff71e0e319c,Burning Engine,Science Fiction,R,123,10/24/2017
7d3cef98-e8a0-4ace-9358-60701057ae29,Robot of Warehouse,Family,G,86,11/28/2017
42758c57-5a98-4a7a-ac97-608333d10ff9,The Major Brick,Science Fiction,PG=13,186,8/15/2017
21c43a51-8806-4331-8749-60f3ee9362b6,The Dogs of Adventure,Comedy,R,82,10/24/2017
f4e1adf9-2851-4ffb-b9ad-611711f24c8d,Warehouse Data,Family,PG,73,6/6/2017
34861085-b255-4bac-b5e3-616907184821,Destiny Fate,Family,G,98,6/27/2017
fb25d350-7c76-4322-bdbe-61998366110b,Trek Cluster,Romance,PG,90,8/22/2017
7957400a-4a25-49bb-b97c-61ae33f8076a,Joyous Forest,Comedy,PG,106,4/25/2017
37fe733a-0153-4fbd-b196-61af5f2af91c,Extraction Spark,Comedy,PG,113,2/27/2018
5085ca69-06cf-4580-9bd1-62f522958a8e,Garden of Detective,Romance,PG=13,93,4/18/2017
50a45246-0159-48d0-8a2d-6322207b0f8c,Forest of Trek,Comedy,PG,97,6/27/2017
e9b6b0cc-91c3-4e12-af5d-632e73c482ef,Generation Cube,Family,PG,77,7/18/2017
4967cad8-98e5-49f5-bb8e-63775aa0d1e4,Strong Brick,Family,G,78,9/19/2017
ff9c432f-1744-497f-92f6-639ce825b419,The Different Forest,Romance,PG=13,100,7/18/2017
64a46f6c-642a-473f-b43f-63d508cc1667,Intrigue Cluster,Romance,R,102,11/14/2017
97a71b01-1050-48da-8ab1-63fd7edb3f5a,Space Cluster,Science Fiction,PG=13,125,7/25/2017
9da2f068-e427-49b0-bc4b-642dd8950681,The Strong Pirate,Action/Adventure,PG,107,3/20/2018
055361ca-a783-4c28-94cf-646e2591643e,The Fantastic Generation,Comedy,R,120,6/26/2018
681d9af8-415f-46df-9dcd-6474c2382359,Pirate of Pirate,Family,PG,80,7/18/2017
43d0240b-747c-4b45-b58f-6477f9ced6d0,Fantastic Kitchen,Comedy,R,81,5/8/2018
5192da59-5032-4aad-90ef-6539686890d8,The Special Generation,Comedy,R,108,8/8/2017
248ede58-bd61-43b2-8941-654d0be32a9c,Free Engine,Science Fiction,PG=13,119,6/27/2017
ca3e0729-4edc-4ee4-ae2f-656cbfd03c90,Cube of Journey,Family,G,98,5/22/2018
ed16e03e-cf9d-4976-8b40-65eb0382bd55,Intrigue Generation,Comedy,R,83,10/10/2017
a20e62bc-6f8a-40d7-987f-664ea9b676af,Joyous Intrigue,Science Fiction,R,171,8/1/2017
27736d99-cf7a-439a-824c-666e7726177a,The Fantastic Extraction,Comedy,R,93,1/16/2018
04a9e2d3-b1bc-4f08-b6f0-66bf9acd089a,Chilling Hunger,Family,PG,95,11/14/2017
c3ff040c-c751-412c-a9e8-66c50736d679,Robot Destiny,Family,PG,97,4/24/2018
d72efb26-d6cc-4f09-bf83-66d0840ee73a,Intrigue of Forest,Comedy,R,111,4/3/2018
e062d698-575e-496c-8ce1-6714645b0fbe,Clear Cluster,Action/Adventure,R,148,5/16/2017
bb42c013-fd09-41e8-adc9-674a3678adce,Card of Factory,Science Fiction,R,173,10/17/2017
3659866a-dfc0-452d-92d8-67731d113207,The Great Warehouse,Comedy,R,98,11/28/2017
701e3c52-e8ac-4ab8-b081-67d190e035a6,The Magical Destiny,Comedy,R,111,12/12/2017
c817a72e-5618-4149-ac4f-67d9630881ec,The Joyous Extraction,Science Fiction,PG,155,11/7/2017
6156ea20-e3b1-462a-a8fd-68113d501d4a,The International Intrigue,Romance,R,104,6/6/2017
eb384edd-0118-4014-9c79-68acaa8bca93,Trek Trek,Science Fiction,R,111,1/9/2018
aedd3c54-ed04-4776-8cad-68d4afd28e71,Real Extraction,Science Fiction,PG=13,175,12/12/2017
99becfaf-6136-44ff-b043-68ff65c797e1,The Happy Robot,Action/Adventure,PG,127,8/29/2017
89d3dcd3-6a8b-479b-8120-690806e87fbe,The Hand of Destiny,Comedy,R,101,9/26/2017
7398f5d6-3322-4bdf-add1-69b634d60daa,The Frozen Detective,Family,PG=13,70,5/16/2017
d4dec61b-cf5b-458f-941f-69cd62445998,Brick of Destiny,Romance,R,103,6/13/2017
3cb8be5f-4d78-438a-b71c-6a1e419d8750,Robot Case,Action/Adventure,PG,129,5/23/2017
792a79a8-ee3d-4bd2-b1df-6a62461d3338,The Different Garden,Family,PG,76,12/19/2017
cedd7b87-561f-4a99-957f-6b13afd50314,The Robotic Cluster,Comedy,R,81,5/29/2018
8a8d3e6d-5b9b-4516-94fb-6b1f49a82c07,Warehouse Brick,Science Fiction,PG=13,165,4/4/2017
2ff8a092-d731-49de-97f0-6b5708944c25,The Nautical Spark,Comedy,PG,82,6/12/2018
85944e0c-df8f-49cc-8364-6b721063924a,Furious Fate,Science Fiction,PG=13,183,10/10/2017
7194e16d-c941-4af0-b553-6b7a397f7c8e,Robot of Garden,Family,PG,105,3/13/2018
f82cf45c-c4ed-464a-a9a9-6b93193fbd2d,Factory of Trek,Action/Adventure,PG,123,6/12/2018
e86dfe4c-3b54-43cb-b4a9-6bb1eb076eb4,Social Pizza,Science Fiction,R,182,7/18/2017
36c9a5a1-fa11-47b9-bc7b-6bca1fc9c3c5,Intrigue Trek,Romance,PG=13,107,6/26/2018
e76c7b12-8f64-4aca-9305-6be827ea842a,The Social Extraction,Family,PG,86,1/2/2018
c445ddec-1f36-4b8b-b999-6c39676d9270,Great Extraction,Comedy,R,125,4/4/2017
d997f1a2-ef9a-4a34-ba5f-6cef156b083d,Card of Destiny,Action/Adventure,R,108,6/27/2017
308cba43-4aca-4085-849a-6d801e62b23c,Destiny Factory,Romance,R,109,2/27/2018
b4643870-df13-4e1b-b700-6dcf077e5fad,The Important Kitchen,Comedy,PG,108,2/6/2018
41702478-fa37-426c-9f89-6e09161bea7e,The Sure Generation,Comedy,R,95,3/13/2018
2f577788-44d8-47e4-a775-6e125d7fa365,The Joyous Fate,Action/Adventure,PG,119,6/19/2018
ec400819-ff26-4b82-b213-6e3f4ac46218,Journey Intrigue,Family,PG,80,5/15/2018
97def997-76f4-426b-92dd-6ea6f10fba32,Flying Pirate,Comedy,R,100,8/1/2017
06e64b85-1d59-4527-bcad-6f0cd9df89c7,Lake of Stream,Action/Adventure,R,154,10/17/2017
7a6b7bf8-cf42-41e2-9616-6fe60dc066fa,Important Cube,Romance,R,95,6/27/2017
96bd85b8-d143-4f35-9836-700cabd2aea1,Card Pizza,Family,G,106,8/29/2017
2747d27b-1e85-42d3-b0d2-70a1b37a79b8,The Important Factory,Action/Adventure,R,151,10/3/2017
b8612b03-4bb6-4a5d-9190-712025ec1a1a,Happy Lake,Family,PG,104,4/4/2017
ed13e6c8-92ec-4146-b58b-7133c550b0d8,Card Garden,Romance,R,97,9/19/2017
aaf71240-a7ff-4847-bc38-718caa3ce041,Joyous Magic,Action/Adventure,PG,132,5/23/2017
4d229ac0-ff5e-422f-a733-721435161652,Different Trek,Romance,PG=13,87,9/26/2017
2f298693-82ed-4ab6-baec-722fd607242a,The Best Pirate,Action/Adventure,R,153,8/29/2017
6477d026-efa5-49f5-a0f2-723035ba0b41,Burning Forest,Romance,R,100,2/6/2018
10504762-d9f7-46f0-9240-729aefa5dbe5,Random Engine,Family,PG,89,6/26/2018
20a69a0b-1e2b-41b6-bae6-72bf150b2bec,Burning Warehouse,Family,PG,88,9/5/2017
10d623dc-ded7-4ee4-8408-7322e8746ee1,Clear Journey,Action/Adventure,R,113,7/11/2017
7632628f-0e6a-4625-a644-7371bc75a486,Chilling Engine,Science Fiction,R,189,5/16/2017
42f51cdb-3a65-40b9-b541-7415232c43ad,Fate Factory,Family,PG,85,6/6/2017
2de0d190-2774-4ccf-a292-742c327d1505,Fate of Pizza,Science Fiction,R,116,8/15/2017
54e5d4c7-9007-4fa7-9823-746cf91258d1,Fate Kitchen,Family,PG,98,10/10/2017
1a23849b-67f9-4129-8b14-747105c3fd8d,Robot Factory,Action/Adventure,R,147,6/27/2017
68b86ed9-83b7-4494-a24b-74a9d0b7736d,Important Fate,Science Fiction,R,116,5/16/2017
e6ca1506-9d46-4bde-8f66-74af25e36eac,Happy Journey,Family,PG,73,5/2/2017
589c4969-93bf-4f19-a21a-751171db1230,The Free Journey,Romance,R,101,12/26/2017
be2a6a46-d76d-42da-aacd-752b4540d182,The True Forest,Family,PG,100,10/31/2017
abf3884d-012a-4fb4-8d09-7589129e1f88,Extraction of Cluster,Family,G,96,3/20/2018
ea1555e3-9c65-43c4-b153-75984a55e57d,Frozen Pool,Family,G,91,2/13/2018
21b271ab-1cac-41a0-b1f9-75fbf73534a9,Robot of Lake,Science Fiction,PG=13,173,9/26/2017
40b0d4cf-24f0-441e-87d1-761ca8883adf,The Important Data,Romance,PG=13,101,1/9/2018
6a99868b-7c88-4aa3-a43f-76ae2844b54a,Extraction of Adventure,Family,PG,103,11/21/2017
dc4d4b21-7302-46d0-b178-76c7100e4406,The True Cube,Action/Adventure,R,102,6/27/2017
9ca75cc6-ca46-4207-a837-76e4ce4ec45b,The International Journey,Comedy,PG,101,8/29/2017
260da1a9-770d-4987-8a3e-770175c14ab4,The Hand of Hunger,Family,PG,84,5/8/2018
57612058-640b-4fde-b1d0-77223a0de7ff,Sure Detective,Comedy,R,106,3/20/2018
d4a8e25b-2737-402b-9e60-778393ad7a06,True Stream,Comedy,R,122,5/1/2018
5837864f-6551-4c55-b98f-7793e055701c,Major Lake,Comedy,R,96,5/2/2017
f5ba67f0-d1a8-4b0e-9d01-780c9bae6b5a,Garden of Warehouse,Science Fiction,R,171,11/28/2017
4b5ed737-3b1b-4014-925a-782104d13405,Factory of Cube,Comedy,R,111,4/25/2017
50d1c4a2-3be4-4f6d-8062-7870efd3443a,Generated Brick,Family,PG,80,1/16/2018
a1b0b3fb-0e09-4964-8ce1-790b6b601309,The Hand of Adventure,Romance,R,96,4/3/2018
aea5202d-4f74-4f8d-bd3d-796fb735736c,Sure Pizza,Romance,R,103,7/25/2017
c50f3610-755d-4ec5-a9cf-79ad7a2bbf37,The Strong Kitchen,Comedy,R,109,5/30/2017
82908ad4-7d1c-4437-8f2b-79ae4d98f730,Extraction Robot,Action/Adventure,PG,122,3/27/2018
0ac2e828-e771-424b-b4de-79f918616e61,Journey of Engine,Family,PG,92,2/6/2018
d477df62-f74d-47a3-b3ba-7a647c19af26,Trek Intrigue,Comedy,PG,94,12/19/2017
13b4342e-e53c-4dd2-9f12-7ac03739ed63,Different Journey,Romance,R,88,6/19/2018
b54915b4-319b-465e-84aa-7adcd5784a5b,Random Data,Romance,PG,100,6/5/2018
c5d8ada9-6a61-4f98-8e23-7b1923cbbf53,Sure Card,Action/Adventure,PG,134,8/8/2017
8178a7c0-ce2e-4658-b39e-7b4ced6faae1,Fate of Warehouse,Romance,R,94,3/27/2018
53496905-98f2-4cd4-bf5e-7b683bac9f64,The Best Destiny,Comedy,PG,124,6/26/2018
832038af-f158-49b5-8f9f-7c112f38636e,Real Forest,Family,PG,95,1/9/2018
34391ba0-62c1-44fc-ae6e-7ca3a59c8307,Trek of Generation,Comedy,R,120,9/19/2017
993108d1-cf47-4dbd-af55-7ccf803e2553,Generated Kitchen,Romance,R,103,4/4/2017
1a8ba8d2-5936-4aea-bdbd-7cec3a240cb4,The Nautical Robot,Science Fiction,PG=13,142,7/11/2017
653911bb-20bf-48d7-ae19-7cfd2606c9e4,Garden Garden,Family,PG,90,10/31/2017
69608256-76e2-4f1d-9c60-7d185c8c1d34,The Sure Adventure,Comedy,R,117,5/30/2017
c9c41e5e-a655-4477-b77b-7d557a9f6c1b,The Major Factory,Comedy,R,124,6/27/2017
47af9f94-b522-4ce5-b9b5-7d6c3f12b61c,Fantastic Spark,Action/Adventure,R,136,1/16/2018
bfbc9ab9-da02-434e-b573-7d927cf114c0,Chilling Case,Family,PG=13,106,5/2/2017
5da81e3a-10b0-4c8b-ad90-7e1ecb6e2ceb,Factory Cluster,Action/Adventure,PG,140,7/18/2017
11475a1b-8eec-464d-8084-7e411382c531,Flying Robot,Comedy,R,89,1/23/2018
9171c7d5-1ec7-4afb-aa53-7e4b410aa705,Burning Fate,Family,PG,109,5/9/2017
46f19bed-936a-4a15-8284-7e5dfd59608f,The Clear Cube,Comedy,R,104,6/6/2017
64097fef-09e2-40d6-9586-7e6657e5d962,The Mysterious Cube,Family,PG,106,2/27/2018
4e2f10c2-02ee-4d44-9df8-7ebadca8a4b4,Adventure of Destiny,Family,G,83,8/1/2017
ecaae1b1-faa4-4db8-a0f0-7edc3feec97e,Destiny Magic,Romance,PG,88,6/27/2017
2a2efcb1-0053-4cf0-a2ae-7f1b5dc7e17b,Fantastic Cube,Romance,PG=13,94,10/17/2017
7d79c1cd-bbc8-4b63-9df6-7f1cb59a7d42,The Free Brick,Action/Adventure,R,134,5/22/2018
f43c8aa0-0522-4cba-b505-7f33ca351a06,Western Garden,Science Fiction,R,173,4/10/2018
44e4d8f0-bdc5-4700-8b8f-7fb1bab292ec,Fantastic Engine,Comedy,PG,124,4/18/2017
5895693a-2623-4558-919a-805805598cb4,Stream Adventure,Family,PG,75,6/19/2018
33a4dffc-87ba-4c1a-b01c-80c231ff210f,Major Spark,Romance,PG,91,3/13/2018
6dcb19da-cb0c-48be-bd82-80cbf15f9a32,Pizza of Intrigue,Romance,R,90,7/11/2017
664ed71a-2fba-4357-9249-80cf2afc1f7d,The Happy Adventure,Comedy,R,104,10/10/2017
f756286b-555c-48f2-8ceb-811ed52dc106,The International Garden,Family,PG,72,2/20/2018
3f167a00-00a0-42ef-a9e4-816d457d18b8,Card of Lake,Comedy,R,124,9/12/2017
569fad05-5898-4fb1-becc-828ea5e0ea65,The Magical Warehouse,Comedy,PG,122,11/7/2017
09eff0cd-e34a-478c-bc5f-832a407ef3c1,Trek Stream,Romance,R,103,9/12/2017
02deb6fb-edf9-44e4-b194-832fbcf16449,Great Destiny,Family,PG,97,4/17/2018
7e13c5a5-f0f8-4809-8b7e-83817c10f9c1,The Robotic Destiny,Science Fiction,PG,166,10/3/2017
12dfb21d-98df-45b3-a9c3-838ff8d99a41,Old Stream,Romance,PG,98,9/19/2017
e767ef04-6577-4e50-87ea-83ca16e2f0dd,The Space Destiny,Action/Adventure,R,111,1/23/2018
b8b3bc6d-fe07-4838-b7ee-847087eb73de,Kitchen Journey,Science Fiction,R,138,5/2/2017
75cbe66d-3cc7-4a84-a47b-84aab8eb2883,The Clear Magic,Family,PG,95,3/27/2018
6cf4e818-81db-4d0b-8091-8516a23ae9f4,Generated Trek,Romance,R,95,3/13/2018
4600c378-96cd-48f4-a01a-857a762ecd10,New Lake,Action/Adventure,PG,151,12/5/2017
a702fa4d-9b61-47b7-b537-862e8e2f755b,The Different Fate,Comedy,PG,88,8/1/2017
f2e23642-f1e1-4a63-825f-8645a8aa3ad6,The Space Spark,Romance,PG,102,4/24/2018
0ce57736-db2d-4b2b-876e-867a4775d0bd,The Social Cluster,Science Fiction,R,162,5/1/2018
ba9ff2bf-edb1-45fc-a96f-868e41d6dcbc,The Robotic Extraction,Comedy,R,110,12/12/2017
c0d41e9e-5ccc-4848-a9da-86a1aeaa2ebd,Stream of Magic,Family,PG,76,12/19/2017
16342468-6ef8-4589-a5b9-86aedc2d8950,Generation of Destiny,Romance,PG,92,2/6/2018
71377d78-b443-4fe9-a5a3-86ca45e5b241,Chilling Sorrow,Action/Adventure,R,107,12/5/2017
f48e4e06-0ddf-4dcf-8924-86e6d7cf7dac,Destiny of Pirate,Science Fiction,R,187,12/12/2017
46f6c15e-ee02-4940-8b9b-87089c35cf3d,Brick of Robot,Science Fiction,PG=13,111,5/2/2017
331de992-349d-4e66-92fa-8726b9b90076,The Generated Lake,Romance,R,92,6/20/2017
9ca2f8b4-07c6-493b-a367-873be72f3448,Pirate of Garden,Romance,R,89,1/2/2018
b998691f-fecd-44cc-adb2-874b5d2b7477,The Different Card,Family,PG,74,5/30/2017
cd1fbe8a-8e14-4d9d-9859-8779528c0f3c,Random Extraction,Action/Adventure,PG,158,1/9/2018
01882bfd-ca56-43dc-bb69-8792e696f6d1,The Magical Data,Comedy,PG,107,1/23/2018
d9b61eb2-7a02-49b8-a390-87b3191cb72d,Garden of Brick,Romance,PG,94,11/21/2017
cf721afa-2518-49f5-8b83-87eb61abed1f,Pizza Engine,Action/Adventure,PG,120,5/23/2017
31ba5a2c-0ad8-4f44-9dda-87f9871450de,Real Brick,Action/Adventure,PG,101,3/13/2018
3f27df14-8d2e-47e6-b89a-883aefaaf47b,Cluster of Engine,Romance,PG=13,96,4/25/2017
06c44a09-ae37-48d0-b79d-8871a405297b,The Fantastic Journey,Comedy,PG,107,7/11/2017
dd4c8314-1aea-493b-b663-88974c68a46d,Forest Spark,Comedy,R,115,5/29/2018
da367228-22db-4e4a-b732-893b29878c8b,Flying Engine,Family,PG,102,5/9/2017
367c28d6-e083-4f4c-a9c6-897ddde37236,Card Detective,Comedy,PG,98,11/14/2017
314a9ced-41ff-4634-bfc5-8a8388f0a445,Flying Adventure,Romance,R,88,5/2/2017
ad544987-0624-44c0-857a-8b94cfb10f5c,Pizza of Trek,Romance,R,102,3/20/2018
55807ec2-06d0-4cec-bf9d-8b97c77e545b,Data Brick,Comedy,R,101,10/24/2017
46b7c299-40bc-42f4-be5b-8bd69a52dde9,Journey of Cluster,Comedy,PG,101,9/5/2017
062f893a-5c33-4a29-96d4-8c888817d5bc,Warehouse Stream,Action/Adventure,PG,148,4/11/2017
8dd74b5b-41e3-459e-a02e-8daf1b8289c5,Magic of Generation,Romance,R,95,10/24/2017
1b9061b2-8eb4-4da0-ac9b-8dc0e1b7bf20,International Card,Science Fiction,R,112,6/27/2017
14ae544c-c332-4d8c-bbbb-8df1e67bfd4e,New Stream,Science Fact,PG,177,2/20/2018
601fee04-b724-4e40-b0a3-8e625633150a,The Flight of Adventure,Comedy,PG,122,4/17/2018
77d813d3-7430-4d27-8e98-8e6798dd7b65,Pizza of Robot,Comedy,R,118,6/5/2018
94021ead-97e2-436e-8e2e-8ecb2cb5d8e5,Factory Warehouse,Romance,R,86,4/17/2018
861f16d5-f3c3-4337-8d3e-8f4eba4e1af4,Lake Lake,Family,PG,76,5/23/2017
c055e00a-1b0c-47a4-b427-908dc21c78f9,Stream Extraction,Family,PG=13,103,5/9/2017
3c7799ec-3ede-4db9-b002-909233d00eac,Robot Hunger,Family,PG,84,12/12/2017
400ccb98-cde8-405f-a734-9107f4ac7016,Mysterious Journey,Action/Adventure,PG,107,10/17/2017
02f1b67e-bee0-4a96-a4cf-91cdf3f6b851,The Different Cube,Romance,R,109,12/12/2017
6d9bc3fa-cd40-4d5b-8dbe-921fb7171545,The Dogs of Ice,Romance,R,96,4/17/2018
ac180cfb-8c91-4c66-9c47-929a2739d8bb,Factory Forest,Comedy,PG,94,2/13/2018
b23c44b4-fe00-4df1-a244-92c3081c9374,New Engine,Comedy,PG,99,10/17/2017
969e6c79-e5bb-4886-ad7e-92e1e1ddf1c6,Lake Cube,Family,PG,75,4/18/2017
3475cf81-87cf-4588-8c97-930100637df4,Brick of Generation,Family,G,102,4/10/2018
422a3693-130e-4511-891f-943ec416b5f0,The Certain Factory,Romance,R,103,10/24/2017
faa0adc2-1f37-4e08-8a7d-944439faaf76,Trek Pizza,Action/Adventure,PG,119,4/11/2017
5588b20e-e17f-4a2d-8b69-9488d22a23ad,The Great Lake,Comedy,PG,90,12/5/2017
d1ea0b7f-66d2-426d-956e-94897c734733,The Western Cluster,Comedy,R,104,4/25/2017
84ac27d6-4cbd-4f01-ba12-94faaaf27355,The Old Data,Romance,PG,90,7/4/2017
044678e0-f28c-4895-a26d-94ffc4ad6488,Magical Dogs,Comedy,R,128,12/5/2017
16f7283a-8881-4cd3-8919-9575b0774655,Data of Generation,Romance,R,101,3/20/2018
3419173a-bc5e-4f7d-aafb-958650c35df9,Lake of Stream,Action/Adventure,R,101,5/29/2018
7325b543-d720-4dd9-b782-95c1a231b95e,The Old Magic,Romance,R,104,10/17/2017
15bfa0e3-96a0-4538-8a9e-95c20219dc4e,Cube of Forest,Action/Adventure,R,112,5/9/2017
af993076-b457-427c-8ba5-95fb8f8c4d12,Social Adventure,Family,PG,72,12/19/2017
da11d1f6-d3b4-4f0d-9ca7-9621f10d21f3,Extraction Garden,Romance,PG,97,2/13/2018
1f7ed3c9-0479-4fa6-a4b1-962281bf5667,Pirate of Robot,Family,PG,95,10/31/2017
c51e4efc-abc0-4754-8f52-96759c7b6645,Nautical Journey,Action/Adventure,R,116,6/13/2017
63a97fda-e8bb-4f92-ac20-9698f8da06e1,Robotic Pirate,Romance,R,86,1/16/2018
befab1e7-4ca3-489a-9cb2-96c2240ebf8b,Kitchen Engine,Family,PG,101,3/13/2018
e42d77df-d6be-441d-8228-96cd15fd3b99,Stream of Warehouse,Science Fiction,PG=13,116,5/22/2018
2a5c52d7-ced1-4bc6-88e4-973ba6b4a69f,Forest Spark,Comedy,R,126,12/5/2017
f52df3ce-3256-4961-a43a-9777132e07ec,Data of Brick,Science Fiction,PG=13,133,9/5/2017
2371ce50-9352-4c7d-9822-977f92757bfc,Generation Destiny,Romance,R,91,11/14/2017
8c03ea5f-b52b-4389-be5a-9787ba5b98fa,Robotic Spark,Family,PG,82,6/27/2017
a381af04-d99e-487c-a2e5-97d113a5e22e,Data of Adventure,Science Fiction,R,154,5/15/2018
657bf6a4-7b48-4c82-9fba-97e761c0312c,Joyous Extraction,Comedy,PG,104,10/3/2017
ff2d974c-5ea5-4498-935a-9a1482b1aa13,Generated Journey,Comedy,PG,121,8/22/2017
e8005aff-38a0-4815-8249-9a41927c054a,Magic of Trek,Science Fiction,PG=13,132,5/9/2017
cb72dda5-1c3d-445d-aba9-9a89e1b71725,The New Trek,Romance,R,90,9/5/2017
adf1941c-018c-4d9e-b589-9aed68c2fd47,The Scream of Sorrow,Science Fiction,R,180,4/18/2017
c81de95b-fb8d-4c6f-a99e-9bfdb158ebd4,The Clear Data,Comedy,PG,111,11/28/2017
665cc2ca-e89a-4ed1-965e-9c592e079bb9,Fantastic Forest,Comedy,R,122,6/6/2017
02b23349-a44f-48a8-9995-9c783bfe5eef,Engine of Pirate,Family,G,80,8/8/2017
4587f21a-a4bc-4ca4-ad24-9cdabccda281,Old Brick,Action/Adventure,PG,142,7/25/2017
9213c571-f27a-4d69-812d-9cf9bd0e6bb0,International Spark,Science Fiction,PG=13,176,3/20/2018
bcf897b1-f2ea-4a25-a4b7-9d56a34d6b31,Pizza of Garden,Comedy,PG,91,7/25/2017
d7883b06-ea87-4b34-93ce-9d946def5fc7,Great Forest,Comedy,R,123,12/26/2017
a2a3bceb-d8a3-4743-9dbe-9e39189be749,Brick Garden,Romance,R,97,7/18/2017
a43fa6af-6380-40fe-9828-9e3a4d45b8b1,Fantastic Adventure,Science Fiction,PG,139,12/12/2017
c0afe549-18c8-4e65-bd14-9ef7786ee7c9,The Cube of Adventure,Romance,PG=13,97,1/23/2018
6666ff21-ca84-49d9-8251-9f42b014ae31,Nautical Trek,Romance,R,100,7/4/2017
1179070d-8c86-44a9-b6d7-9f7a1f70523f,Random Spark,Action/Adventure,R,109,5/22/2018
713657f0-b360-44db-b159-9f7b7ea64aea,Frozen Case,Action/Adventure,R,138,5/23/2017
4374444a-8ca7-4633-8ff2-9fee35d95037,The Social Pirate,Action/Adventure,R,126,1/23/2018
8ede5f7d-b79a-457a-952b-9ff22b8d130d,International Forest,Romance,R,99,4/4/2017
e0adedc1-8aa0-44fd-bf69-a00d5de2a5d0,Magic Brick,Family,G,108,8/8/2017
f86457dd-cc81-4cf9-90b3-a01ae3985069,The House of Ice,Action/Adventure,R,152,7/11/2017
9d4aec43-46f8-4acb-80b8-a05ee15b5c0c,Local Forest,Science Fiction,R,127,4/10/2018
90c5d0d0-f9e3-46b0-8f7c-a07176623726,Spark of Spark,Romance,R,93,5/2/2017
af76fe8b-e0a1-4c11-a0ae-a1524ab35048,Space Case,Romance,PG,94,8/15/2017
9e124f63-22dd-4aae-8431-a16410f673a8,Pirate Garden,Comedy,PG,114,5/22/2018
764fec69-ced3-4750-aca3-a1a2db8c09f0,Major Generation,Action/Adventure,R,158,10/3/2017
5505df80-9436-4511-99db-a1b06426467d,Card Intrigue,Family,PG,104,6/20/2017
bd4f94e1-5ac8-4dae-96cc-a24fa3dfebb4,Fantastic Card,Family,PG,106,5/1/2018
e1706f66-3ff5-4cd0-b80d-a2a60e0c7c76,Warehouse of Pirate,Comedy,R,88,7/18/2017
8d67419d-e907-4a23-a81c-a30cdcb39b87,Warehouse of Robot,Action/Adventure,PG,128,6/27/2017
dc1d36f0-8b5c-4d79-a942-a35d506aa56c,The Space Generation,Family,PG,103,5/9/2017
ad74b8ad-4aba-49c5-b429-a372ee416587,Intrigue of Garden,Comedy,PG,98,5/22/2018
02d35498-cf35-4dbf-8bc4-a3df513f5985,Data of Fate,Action/Adventure,R,141,6/12/2018
f70b91d5-6672-4b5b-b2d5-a406aa78abdb,Important Pirate,Romance,R,101,6/20/2017
13edec1b-a6c7-4c2b-8acc-a45d9e1e90b0,The Book of Hunger,Action/Adventure,R,144,12/19/2017
0554911f-435d-4984-9670-a4876ab86506,Robot Pirate,Action/Adventure,PG,113,6/13/2017
bf6af0ef-2740-45b0-a609-a4cd08b39876,The Local Cluster,Comedy,R,121,5/8/2018
6344311f-6b6f-4228-9f30-a55baaf605ee,Flying Warehouse,Romance,R,102,6/12/2018
52b6b6b6-f8fb-40f1-9047-a59995661cd1,Extraction of Forest,Romance,PG=13,102,1/30/2018
578dc5fa-ea3f-4668-900b-a5cdd88e6140,Great Adventure,Family,PG,75,5/29/2018
5a2bac83-f9bd-4702-a244-a64918b67ef1,Adventure of Trek,Comedy,PG,126,6/6/2017
f0413c8c-cfc8-4d29-bf1a-a6742ec6014a,Flying Joy,Romance,PG=13,105,5/30/2017
e451bd99-6e22-4b0e-9696-a68d0bb54e32,Random Warehouse,Action/Adventure,R,144,5/9/2017
dea677a7-ec85-49b4-a2d1-a6a769d595c9,Clear Detective,Science Fiction,PG,129,10/31/2017
d47fd6c9-ea75-43ab-9d2f-a6c711109faf,Frozen Kitchen,Comedy,R,113,7/4/2017
f6f243fb-c10c-4b1f-8a2d-a6de0f657f24,Special Brick,Science Fiction,R,148,6/5/2018
3d311942-43da-4d5e-947a-a6fad6265e75,Garden Factory,Family,PG=13,79,5/29/2018
d8404409-8ae9-456a-8cc5-a7512c057d1e,Furious Case,Family,PG,98,10/17/2017
d2affa2d-8cc6-4eca-9aba-a759b4887361,Chilling Pool,Action/Adventure,R,144,6/13/2017
ac4a82b3-5b5e-46ee-be6e-a77cc070b892,Space Sorrow,Comedy,PG,88,10/3/2017
597eb904-fffa-404a-bf4e-a7b2484eb9a4,The Robotic Generation,Family,PG,104,2/27/2018
11593cbc-0e8f-4e34-8a49-a882d9569c8c,Extraction of Brick,Romance,R,104,5/15/2018
d4675281-fdf8-4685-8880-a90db9cca05b,Card Stream,Romance,R,97,10/24/2017
9f9dd6d2-4b2e-45b4-a80e-a94af41fed07,Happy Stream,Romance,PG,86,2/20/2018
c224c03d-83af-403f-9c4e-a9ed44b0dafc,The Mysterious Data,Action/Adventure,R,158,6/27/2017
69335010-09c2-4826-b794-a9f40b2f7745,International Journey,Family,PG=13,91,7/25/2017
4fabaa2f-1003-42ca-b242-aa333a99592b,The Burning Detective,Comedy,PG,113,10/24/2017
473e6d6e-fffa-4f3f-94f1-aa770013aa1e,Stream Trek,Comedy,PG,96,9/5/2017
32fc01ac-23be-4b8d-a350-aab9e34db36b,Pirate Cube,Science Fiction,PG=13,126,11/21/2017
fd9a74cf-04ec-40ca-8251-aae72580222c,Garden of Lake,Action/Adventure,R,129,6/26/2018
b42764ea-5cfa-4883-ba42-ab5d01382275,The Western Kitchen,Science Fiction,PG,130,12/26/2017
605d0acb-eec0-4c52-a270-abbcaec95c29,Robot of Forest,Romance,PG=13,94,4/11/2017
948edf80-7a53-4853-8598-ac2b61fdcfc5,Stream Pizza,Comedy,PG,102,2/13/2018
22052b6f-1308-4c9a-b39d-acdcc26d02e8,The Local Fate,Family,PG,87,8/8/2017
3fd7dc55-1176-41ab-beab-acddb305872b,Trek Journey,Romance,R,87,5/1/2018
71b4dabc-9f62-4714-bff0-ad3964999172,New Magic,Action/Adventure,R,152,6/19/2018
974258b5-4723-4b06-8336-ad6bcf81c6e6,Garden Detective,Action/Adventure,R,126,10/17/2017
8bd3cb3c-ce17-4329-9dd8-ae1e2354c023,Fate of Extraction,Romance,PG=13,95,9/12/2017
264e8f10-dbec-44e2-9351-ae2ac4ca4f5e,Fate Extraction,Action/Adventure,PG,111,5/2/2017
56827695-6ff0-4180-8afc-ae30b01a8fd5,The Flying Garden,Romance,PG=13,107,12/5/2017
38848d98-b72a-4686-9dcc-ae90eac2ebe1,The Joyous Pizza,Action/Adventure,R,130,12/26/2017
f2ed3ddd-35c7-4afc-ab23-aeb1f4d90bd4,The Clear Adventure,Comedy,PG,90,11/21/2017
be2603af-a006-40bf-b0be-af8e7226ceff,Western Dogs,Comedy,PG,90,4/3/2018
fd07bd57-0329-45b0-a832-af9d3aeab27f,The Mysterious Extraction,Action/Adventure,PG,156,12/19/2017
cb2d2c2b-2893-4796-80df-b10bdcfedff6,The Flying Generation,Action/Adventure,PG,130,7/11/2017
deac3b68-65b6-44ef-b544-b10ece395f50,The Fantastic Trek,Comedy,R,97,5/29/2018
f5d220e9-7b9d-46cc-b5dd-b1316c042cb3,Magic of Cluster,Family,G,99,8/8/2017
0745378b-99b2-46f4-9c2c-b1719b4d930e,New Detective,Family,PG,89,1/9/2018
b2588252-f58a-4570-a085-b17d84e7e27e,Western Fate,Action/Adventure,R,132,11/28/2017
45584dd9-b6eb-4a0f-870d-b19b63630ec3,Important Garden,Action/Adventure,R,127,3/13/2018
2b817316-d007-4817-8a08-b1c0ccf33de6,Trek Cluster,Comedy,PG,89,4/18/2017
455fd8a0-d3de-4197-a0b6-b1c421cc7be8,Extraction of Warehouse,Family,PG,78,4/25/2017
3c1f323c-3dca-4f84-b514-b1d301ab79e3,Warehouse Pizza,Action/Adventure,PG,129,8/29/2017
6e079722-3bc7-4e2c-a04d-b1ec72c3d4cf,Adventure of Detective,Action/Adventure,PG,143,10/24/2017
61991c92-e681-41fc-8603-b1fa4f6b3c00,Pirate Brick,Action/Adventure,R,123,10/17/2017
2839fc26-b590-4fcb-afd6-b27382d8c545,Chilling Theater,Action/Adventure,PG,154,6/20/2017
adb70f32-5e68-4dcb-9aea-b2a15c9acfa9,Pirate of Factory,Comedy,R,100,7/25/2017
271ff48b-5327-41fb-858c-b3d4d176aed6,Fate of Trek,Comedy,PG,124,1/30/2018
437cfc51-bf8a-4a14-8a67-b3f991d84176,The Nautical Garden,Science Fiction,PG=13,175,4/24/2018
d8187291-aef2-442b-a374-b4df362e1455,Generated Factory,Action/Adventure,R,159,10/10/2017
00a5d955-d9cd-410c-8c17-b54c2e710d86,Free Journey,Action/Adventure,R,124,11/14/2017
a1c57076-9a6b-4524-83f7-b551dce47370,Spark of Robot,Family,PG,92,1/30/2018
44695032-f619-44ba-9750-b5dc5421f1f6,Robot of Journey,Comedy,PG,88,5/15/2018
fe057459-e4bb-44f2-87fe-b676e596afb0,Factory Warehouse,Romance,PG=13,107,5/22/2018
5a3f316c-49c2-4fc4-bc1c-b67c62e2d673,Pizza Data,Science Fiction,PG=13,162,9/19/2017
25cec15f-2dd4-4179-ab51-b726e85153a8,Local Garden,Action/Adventure,R,127,5/23/2017
b48f3c36-b60b-4813-b01f-b78370588bdb,Forest Factory,Romance,PG=13,91,8/1/2017
048a7011-61f8-45be-adce-b7b52bc1c664,Warehouse of Generation,Comedy,PG,85,3/20/2018
40098fc0-b77a-457c-a68b-b7b57e8a21ed,The Nautical Fate,Comedy,PG,110,6/19/2018
72f0ac47-a6ae-4bd6-9fb2-b7bb71519870,Garden of Kitchen,Romance,PG,95,1/9/2018
a5d86e0e-f16e-43af-88c3-b9b1420e5152,Free Detective,Comedy,R,94,10/3/2017
ea734c56-5e3c-4bc6-8613-b9e4174b3e68,Chilling Spark,Action/Adventure,R,146,11/7/2017
c5ce2280-8b84-4730-90f7-ba105881ddcd,Robot Intrigue,Romance,R,90,1/2/2018
966a292f-8437-4d07-a6ca-bb4f76fa1fa0,Social Stream,Comedy,R,123,5/23/2017
37953249-eb01-482a-9d69-bb52f73e422d,The Major Adventure,Action/Adventure,R,117,9/5/2017
bcdfc571-df7d-49fd-bf37-bb5e53e6c613,The Peak of Destiny,Action/Adventure,PG,157,5/15/2018
cb2f831b-c886-4630-9537-bb6a742a44fe,Pizza of Warehouse,Action/Adventure,R,105,5/1/2018
41790877-d274-4693-859e-bb7ee86561b5,The Forest of Adventure,Comedy,R,129,5/29/2018
1f61506e-1884-4647-9477-bb973d7bd149,New Forest,Action/Adventure,R,152,4/3/2018
646dbfd4-6ec0-4666-982e-bbcc6475e79d,The Important Detective,Comedy,R,103,4/25/2017
d2d8c41c-40af-43ee-8ab6-bbdf8e789431,Frozen Pirate,Romance,R,105,8/1/2017
379550be-5030-4211-9893-bc045121ef72,Engine Cube,Family,PG,84,4/24/2018
68850a87-f205-45d1-8376-bd22a247d025,Furious Pool,Science Fiction,R,182,8/22/2017
82781433-5417-4335-95e4-bd23d4f24805,Certain Detective,Comedy,R,101,2/6/2018
0424e7e7-78ee-46a3-afe1-be0a01de9d3f,The Mysterious Factory,Action/Adventure,PG,128,4/17/2018
b42fd7ea-ba7d-4725-9d63-bf35ab5148d1,The International Generation,Romance,PG=13,92,1/23/2018
8114d6e3-66d1-4f29-88bd-bf38b8aa725c,Old Garden,Action/Adventure,PG,157,8/1/2017
703b52e6-ab29-4964-a564-bf58e3126910,Space Kitchen,Romance,R,105,6/12/2018
4a0cc47a-d48c-4972-b528-bfab82eda061,New Journey,Family,PG,81,9/12/2017
dd73577f-a503-43fb-bb3d-bfba367663b7,The Old Trek,Romance,R,97,8/8/2017
4d495f53-3181-4f8b-9606-bfc215225837,Joyous Destiny,Family,PG,105,5/23/2017
af308eee-d91e-45e4-9e50-c0398385a366,Fate of Spark,Comedy,R,106,4/4/2017
3bdcbca7-4c60-4862-b754-c06e59eed660,The Different Spark,Family,PG,81,1/9/2018
6dc198ea-f5d7-4bb4-83ed-c0a54daedb6f,Robot of Detective,Family,G,105,11/14/2017
ca6f8689-765d-4662-836b-c0f858f8d976,Magical Ring,Family,G,100,5/8/2018
7a38ec77-87c3-4b5b-8b31-c12ae9d13a86,Nautical Card,Action/Adventure,R,140,2/13/2018
e2ff9dd0-7068-43c1-982d-c13722bca44f,The Frozen Journey,Comedy,R,126,8/8/2017
0d04feba-f9ae-41a8-9e33-c14bc57e77b7,The Robotic Adventure,Science Fiction,PG=13,137,11/28/2017
a44dfa12-5547-4aba-b0b7-c2429f10dea1,Burning Dogs,Romance,R,86,8/29/2017
1b26f82d-a99b-4caa-8ca2-c257f5e4138b,Forest Detective,Family,PG=13,98,3/27/2018
bc5eed8b-1464-42b0-9c30-c2b24e5be3d7,Western Journey,Science Fiction,R,123,3/13/2018
eacc0f61-de31-4f89-954b-c32216fc4f13,Cluster of Garden,Romance,R,105,5/15/2018
1849cf9d-899e-45a6-8d82-c36093ca8aaa,Best Journey,Romance,R,91,8/15/2017
833d78ad-03da-4f68-b089-c3c96d4c4890,Sure Trek,Family,PG,83,6/19/2018
447a5cfd-1c3e-4783-ba27-c3ca59fc9e89,The Flying Pizza,Romance,R,103,6/5/2018
0f259716-9c58-42da-829c-c3e1869be803,Journey of Card,Action/Adventure,PG,111,5/16/2017
f6d90271-32b1-4b16-9f78-c3e6f4493f1a,Lake Generation,Family,PG=13,92,9/26/2017
bb66ac1e-b77e-4025-8968-c650591ca91c,Detective Cube,Family,PG=13,104,10/10/2017
36e52299-083b-402e-b95a-c6ad62e6330c,Pirate of Generation,Action/Adventure,PG,102,5/22/2018
e24aca82-7706-4447-9b5b-c7908d2d9869,Kitchen of Generation,Family,PG,93,11/7/2017
d349c3bb-7af8-442b-a1aa-c80f514c5b24,The Different Extraction,Comedy,R,114,9/12/2017
03c7cd8d-a1fc-44d7-927f-c8f538a29168,The Joyous Trek,Romance,PG,97,5/15/2018
008ab33c-7fa9-4d28-863b-c92f549df2a2,The Nautical Destiny,Comedy,R,125,3/6/2018
059108da-c73f-4ee8-8ea6-c9954717c308,Destiny Intrigue,Family,PG,73,5/22/2018
38837275-a641-4526-bedb-c99733422733,The Frozen Cluster,Comedy,PG,122,6/13/2017
e341e8ee-1599-4b68-802e-cad75eb8684a,The Burning Brick,Comedy,R,85,6/12/2018
da82eb23-f486-4be6-9cfe-cadbe0cedfb4,Furious Intrigue,Comedy,R,118,12/26/2017
fe80d8e8-bcab-4a2b-b971-cb13d3acf555,Detective of Factory,Comedy,R,93,4/18/2017
f90f15d5-a097-4318-b9c1-cbbfeb05389b,The Theater of Joy,Romance,PG=13,102,9/5/2017
48e73587-862b-47f5-84ec-cc2cfebe0afa,International Brick,Science Fiction,R,141,7/4/2017
9875f976-9661-4409-b1b7-cc3c7340db32,Important Adventure,Family,PG,70,6/6/2017
6348dd27-fc42-4152-ab33-cc884b3643ed,Generation Forest,Science Fiction,R,169,10/24/2017
a238c880-e4dc-4b5e-a2da-cc9af81f67ba,The Case of War,Comedy,R,118,7/11/2017
a3d2fc72-d9b4-46a8-8679-cd798f52088a,Burning Spark,Science Fiction,PG,182,12/5/2017
6aa358f5-1c96-468c-be8d-cdcd94c7ef7b,Nautical Engine,Family,G,88,3/27/2018
df048122-c0b8-4a02-bac8-ce1be18760a1,Garden of Stream,Action/Adventure,R,104,7/11/2017
0e26650a-f3fa-4d45-9afe-ce45e8b80db3,Extraction of Robot,Family,G,74,2/20/2018
cf929e83-7657-4c53-8795-ce698861960b,The Mysterious Forest,Comedy,PG,129,3/27/2018
154762fd-fa88-49cc-8b8c-cedc9aa7197c,Cluster of Adventure,Action/Adventure,R,156,5/2/2017
c3170de3-95e8-4bbb-bfe9-ceff59c2c319,The Magical Intrigue,Family,PG,82,4/3/2018
dfb64b04-e02e-4a5a-afcd-cf1daceec1a3,Card of Adventure,Family,PG=13,108,8/1/2017
57031b6b-1e71-4709-8ac8-cf3b4233dae3,Free Robot,Romance,PG=13,107,5/1/2018
74c6a338-d563-4763-831d-cf6ec261edc1,The Clear Detective,Action/Adventure,R,114,7/11/2017
7e8203b3-e2b7-4b49-a635-cf943de91239,Engine Brick,Action/Adventure,R,123,4/10/2018
c3a2eb08-a956-4d74-b3e6-cfe44ba77a00,Spark Forest,Action/Adventure,R,118,10/31/2017
08ccaf7e-b2d4-42ce-82ce-cffe37e96c87,Journey Fate,Action/Adventure,PG,156,5/23/2017
7bc4f4b1-f10d-46cf-b5ec-d00305a75272,Garden Generation,Science Fiction,R,110,8/15/2017
11cb3e34-eed8-41ce-a357-d00355fb588e,The Social Generation,Romance,R,102,8/29/2017
23bfa554-f394-436d-907a-d0c8f8c3482c,The Clear Card,Science Fiction,R,127,11/14/2017
9f37017a-a2d4-4fd1-b18b-d0e3c4bccf1b,True Generation,Science Fiction,PG=13,154,5/15/2018
88b9998d-1b9f-460c-8a4e-d110489e6eda,Joyous Cube,Science Fiction,PG=13,167,8/1/2017
e39bac71-962e-468d-9007-d120763e800a,Flying Cube,Action/Adventure,PG,119,1/16/2018
307a82a6-8ee9-4e96-96ac-d15584c77f9b,Engine of Forest,Science Fiction,R,172,8/22/2017
551bf851-7b08-4ad7-b633-d1f9ffd673e9,Data of Stream,Action/Adventure,R,103,5/8/2018
d50a63c6-17ed-47bf-a5f1-d2053fe7a74f,Detective Engine,Action/Adventure,R,139,6/6/2017
6183ba6f-7dd6-48b3-8cf5-d266c760c335,Magical Pirate,Comedy,R,107,7/25/2017
7ecf83b4-d5b8-444d-8469-d27d7cb4ed26,Free Forest,Comedy,R,110,11/7/2017
0a72eca0-9a58-4259-9c88-d2a5fd711ad5,The Nautical Card,Family,PG,81,8/29/2017
db5e9188-d04d-4c76-a60c-d33a4dec7026,Robot Pizza,Romance,PG,85,5/30/2017
c6aee678-5649-4fd4-90af-d34b6ec41f66,The Sure Cube,Romance,R,95,12/5/2017
76bdb680-9f41-4acd-aaf8-d3d997cb8a12,Warehouse of Card,Science Fiction,PG=13,159,8/8/2017
effae293-2a4f-47f5-b18e-d3eab2f31ecf,Journey of Robot,Action/Adventure,R,146,11/28/2017
baed4f0b-81e2-4449-b6a1-d58ca974a692,The Cave of Sorrow,Family,G,105,10/17/2017
27157ebb-b71c-4971-9c37-d629bea6ea9b,The Generated Cluster,Romance,PG=13,94,6/5/2018
203f14f2-6fbf-4610-9f05-d6e247110a8f,Pizza Garden,Family,PG,77,2/20/2018
57c6daa1-e360-413b-a421-d70ce4614c3e,The Great Kitchen,Romance,R,108,5/2/2017
0b09c30e-9508-48e5-b09b-d71ff0fe16a2,The Dogs of Fate,Action/Adventure,PG,147,8/22/2017
cea8b7fd-7b03-450e-a9c9-d7c10570a32d,The Western Data,Family,PG,73,6/26/2018
d66762ba-cc0f-43dd-abbd-d8a2b00fd16a,The Old Warehouse,Science Fiction,PG=13,153,6/20/2017
19042469-4dc2-4fec-acce-d8aeaa6399b8,The Certain Cube,Action/Adventure,R,150,2/13/2018
c930ee4f-52d8-4f4c-9388-d8c4361b8c9a,The Cube of Sorrow,Action/Adventure,R,144,7/4/2017
e8f454a2-76b9-4abf-a583-d96cc06953ef,The Real Stream,Family,PG,80,8/22/2017
a43a7642-a4b0-4247-ad6e-d97cfaa528c0,Intrigue Engine,Comedy,R,124,12/26/2017
f4742ab8-b4df-4f77-82b4-d9ba7f7c16fa,Mysterious Spark,Science Fiction,PG,133,3/20/2018
d241846f-7928-4e41-aa99-d9ce58c8a37c,Space Warehouse,Romance,R,87,4/10/2018
f54ef93c-bac8-45ee-8148-d9e6946f04ea,Intrigue Lake,Romance,R,90,12/19/2017
e439b46f-f55d-4f39-a988-db2ce0ce7843,Robotic Data,Comedy,R,107,5/2/2017
2c1cdb90-82eb-4215-8ddd-db30010359ca,The Thread of Fate,Comedy,PG,96,7/18/2017
aca0ba13-1cf7-4c66-bd93-dbd5fbc84d84,Robot Stream,Science Fiction,R,140,11/14/2017
503dca6d-545c-432f-bb94-dc12f4a966eb,Lake of Engine,Family,PG,101,6/12/2018
49c084a4-3cdf-429b-953c-dda7971db62b,Generation of Cube,Comedy,PG,81,2/6/2018
4d858838-8c07-468d-bfe1-df566f374d14,Robot of Destiny,Family,PG,73,11/21/2017
0ee84596-bf57-4d9f-a215-dfe2a3caebde,Detective of Magic,Science Fiction,PG=13,187,3/27/2018
4a4f88ed-175e-45cd-9033-e05f1c665321,Generated Magic,Comedy,PG,122,5/30/2017
c06dbb8c-115e-474b-9a7b-e07aa794fbc4,Strong Lake,Comedy,PG,119,1/9/2018
6805be70-45f2-4dc7-a84b-e0a4c87cdf33,Western Forest,Science Fiction,PG,170,9/12/2017
299266a7-c3ee-4979-9176-e0bd2f262e54,Burning Data,Action/Adventure,PG,106,11/21/2017
7cd9eddb-e53f-472e-b0dd-e0e167080ae6,Detective of Lake,Romance,R,85,1/2/2018
1c551a5e-cb15-42bb-a4b5-e0f675899b42,Furious Dogs,Action/Adventure,R,151,3/6/2018
d3efddc8-f242-43a4-a12e-e10165d29105,Detective of Fate,Family,PG,89,2/20/2018
cadb5c9f-55a8-4df5-93e2-e18c14b9c27c,Different Engine,Family,G,76,12/12/2017
96c5df78-4903-4b23-af3b-e1d23edbc386,The Flying Spark,Comedy,R,87,6/12/2018
623c0a79-9bb2-4563-8f4e-e24289ae64e1,Data Cube,Science Fiction,R,188,10/24/2017
7845ec3b-8b27-483b-8df6-e255cef3c96c,Pizza of Spark,Action/Adventure,R,139,5/2/2017
ed4db050-5a2e-457c-808d-e26d8d6bd0be,True Card,Science Fact,R,135,2/20/2018
97f81f78-b669-4fb8-97de-e2b8815a743a,The Scream of Intrigue,Action/Adventure,R,129,5/23/2017
4c863c42-9b5a-428e-a283-e2c25689c671,The Old Factory,Comedy,R,89,7/18/2017
f3afea48-9344-434f-9947-e2d2b2acd04f,Major Forest,Romance,PG,91,10/17/2017
73187336-be20-4f2d-ac37-e2eb00ee693a,Engine of Card,Action/Adventure,PG,122,12/12/2017
94afc7a6-98d8-4174-8918-e34be59ab87a,Factory of Data,Romance,R,93,6/19/2018
11f31d41-31c7-44df-94fb-e400ee83c8d2,Blazing Garden,Action/Adventure,R,108,6/26/2018
29bcbdab-61fd-45eb-9c4e-e424e4fbe99d,Free Factory,Comedy,PG,108,8/15/2017
1be7ffed-a378-45fe-a484-e429145af08a,Destiny of Extraction,Romance,PG=13,101,1/30/2018
25599afe-2334-4d13-b02f-e45c5357245f,The New Destiny,Comedy,PG,113,3/6/2018
9f535661-3a0e-4e14-8102-e4c16a3da43b,The Special Warehouse,Romance,PG,97,10/24/2017
11ac706b-a70d-40bd-969d-e4d9dd3947d7,The Real Lake,Family,PG,81,4/24/2018
19a9f871-e585-471d-bd4b-e4e07488111b,Journey of Trek,Comedy,PG,110,1/2/2018
0d59e0d4-5d40-47e0-b07c-e573319bbb04,The Magical Trek,Family,G,103,10/24/2017
d94d2869-4697-45c8-a599-e5e8edd98ea4,The Chilling Factory,Comedy,PG,88,3/13/2018
f36ef75d-1c35-4111-8556-e5f984efe0a2,Mysterious Cube,Romance,PG=13,107,5/30/2017
57e4022d-4250-4efb-ab88-e684f96a9cbc,Magic of Stream,Comedy,PG,90,7/11/2017
f2e1965b-3250-46e9-9c11-e696d34d52c4,Important Magic,Comedy,R,90,4/18/2017
bf2f7ee6-7261-46fb-91fd-e6ec00495e40,The Nautical Forest,Family,PG,75,10/3/2017
3cd4ceae-990d-4f22-ba9b-e6ed9934419c,Flying Cluster,Romance,R,104,4/25/2017
3de4ad20-d066-4d67-933a-e7b721fc56d1,Certain Brick,Romance,R,108,4/11/2017
900861cb-c514-4963-bb50-e8e8f530c4e7,Strong Lake,Action/Adventure,PG,115,6/12/2018
b028a11b-5cff-42b8-90fd-e951a8ce4df0,Robot Ring,Comedy,PG,99,10/3/2017
341b6206-cced-41bb-a390-e9554b8bba7c,Cube of Data,Science Fiction,PG=13,189,7/4/2017
90d895a4-7254-4570-9be0-e961bf034418,Blazing Intrigue,Family,PG,86,10/31/2017
41717361-eb80-4a2c-8cc7-e96514bee6dc,Trek of Pirate,Family,PG,85,5/22/2018
20bfb17b-dd8d-4e56-a19b-e984b6ce7302,Journey of Cluster,Romance,R,90,12/26/2017
7e01a3ef-f0e3-4b6d-bb11-ea0584702244,The New Pizza,Comedy,PG,107,10/10/2017
50d97fa9-ced1-4e03-96bf-ea06a43c3162,Pizza Stream,Comedy,R,112,5/22/2018
28ca268c-6dfa-4fb8-88e0-ea24fe5c6d2b,Pirate Magic,Comedy,PG,123,1/23/2018
69a5fc48-6879-4bd7-8296-eab0769b3b65,Fate Detective,Family,PG,108,6/5/2018
a2b074cd-4514-4699-bacb-eab859c6a766,Fate of Fate,Comedy,R,87,10/31/2017
e647ed38-694e-409e-ad49-eb5bc962642a,The Flying Kitchen,Romance,R,89,1/23/2018
b3b135dd-cf1c-434f-bda4-eb8a874cbfa2,Pizza of Kitchen,Comedy,R,106,7/11/2017
c99b94be-a3c8-4d84-9494-eb92a762a085,Factory of Robot,Comedy,R,80,6/5/2018
242b69b3-0cc1-4c21-84eb-ebbf203f0e5f,Stream Lake,Action/Adventure,R,134,7/4/2017
c90754b2-1f3b-4bfb-9e33-ebd837824061,Cluster Destiny,Science Fiction,PG=13,115,4/11/2017
2509b5ef-95d7-4f35-aebc-ec442ad81d9b,Social Intrigue,Family,PG,78,1/2/2018
9c805b93-05f5-4b48-9a7c-eceaf0b536d6,Engine of Destiny,Science Fiction,PG=13,168,6/13/2017
ed050c43-68c3-42e0-a965-ed04d1ab3bd5,The Chilling Intrigue,Action/Adventure,R,156,5/22/2018
094189fb-fc5c-4d11-81a3-ed5bf0916c8d,Brick Intrigue,Science Fiction,R,144,10/3/2017
27eebf15-3dfc-41f5-ad1d-ed60be8d1728,Robot Extraction,Comedy,PG,80,2/13/2018
d48e20b4-76d8-4eae-9077-edb4359da04f,True Destiny,Action/Adventure,PG,159,6/27/2017
b94d5b38-5e7e-4d9d-add7-ee5d8eca0918,Different Kitchen,Action/Adventure,R,149,12/19/2017
c11678c5-fe5e-4999-a752-ee739558c77f,Kitchen Pirate,Romance,PG=13,103,5/29/2018
a0ae2ccb-471f-4514-b6bf-ee77408ccfaa,The Cube of Intrigue,Science Fiction,PG,121,1/23/2018
8cc13d57-133d-4ecb-a061-ee8ccdbe607c,Frozen Engine,Romance,R,103,6/19/2018
f02cbbfb-1e07-4db7-98b7-eea893b9eacc,Flying Trek,Comedy,PG,121,4/4/2017
93479b41-b647-40d5-85f9-ef1334a7fcab,Engine of Magic,Action/Adventure,R,117,1/30/2018
a0eacaee-863f-4e12-bf6d-ef1648f2a263,The Joyous Cluster,Family,G,94,6/26/2018
ff724ced-da69-4458-8187-ef58a1f8fe14,Intrigue of Destiny,Family,PG,86,3/6/2018
5f6b2f18-2b4b-4001-ae12-f05736675769,New Cluster,Comedy,PG,103,6/26/2018
5aaafe94-70e7-4ac5-b730-f0b6dabbd802,Random Factory,Comedy,R,127,9/12/2017
0ade75f4-588f-4666-a0d4-f0df37c7d235,Frozen Magic,Action/Adventure,PG,105,1/23/2018
c97bbddd-f0d9-4e86-bb9a-f151f156b754,New Card,Action/Adventure,PG,157,6/26/2018
633af619-16cc-4ab8-9637-f16e442bb8d5,The Best Brick,Romance,PG,108,4/17/2018
7b02ed1e-b720-42da-93b0-f1a4ad2a8d5a,Social Detective,Comedy,R,97,8/15/2017
afea0797-b036-491a-ba89-f1bbbee820be,The Burning Adventure,Comedy,R,125,8/15/2017
155b1a46-d16f-4bd0-ab92-f275a976de3c,Fate Robot,Romance,PG=13,93,4/11/2017
bb994b65-675b-4eba-940f-f3722c7e6f45,The Frozen Destiny,Comedy,PG,94,9/5/2017
3d9bfb4b-5509-4d35-a951-f399804298e3,The Chilling Card,Action/Adventure,R,146,1/30/2018
304b85d7-6cf2-444c-bb96-f4081424edad,Detective Intrigue,Family,PG,87,9/12/2017
e7837d5c-642d-4449-b65f-f4576fdd27d9,Certain Fate,Science Fiction,PG=13,133,12/19/2017
68859773-f0f6-4076-96e4-f45923ea7d5d,Frozen Warehouse,Romance,PG,100,8/22/2017
13f3cee2-e598-45e8-bc20-f484a1a3c02a,Cluster of Extraction,Science Fiction,R,155,10/24/2017
9c02d209-2c48-4eb9-bd83-f485bf1e2d79,Old Robot,Romance,PG=13,85,12/12/2017
f3a9abf5-52ca-4c81-ba44-f48763032140,The Book of Intrigue,Action/Adventure,R,143,5/22/2018
fda972e3-e5d7-47c7-8825-f496a5f8cc34,Pirate Data,Comedy,PG,113,6/27/2017
0c1ed863-9652-4dcd-bb71-f4ed6e3984a3,Engine of Lake,Romance,PG,94,10/31/2017
9354a028-32f4-4a38-ba87-f54b4300be4d,Important Robot,Action/Adventure,R,109,12/19/2017
6131b200-7863-4fe6-bea3-f578d6f48ac6,Chilling Extraction,Family,G,99,2/27/2018
7e16a2d3-2c7b-42d1-ac4b-f69d1011ee4e,The Robotic Brick,Comedy,R,95,3/27/2018
5f7c7f00-27c8-467d-9b0d-f6a6923962c3,Old Adventure,Family,G,71,4/18/2017
bf606ee6-07b3-40ae-b346-f741159c1db5,Brick Factory,Family,G,109,1/30/2018
66005dfb-cabf-4fc9-8ed0-f79a58891a40,Space Forest,Science Fiction,PG=13,129,9/19/2017
05101f1f-b2b7-43f1-abd7-f7b4b245e3d7,The Important Card,Romance,R,102,7/11/2017
908ea9f4-af50-46e3-933c-f7e844ca6156,Burning Thread,Family,G,103,11/7/2017
5467ea89-006c-4a0f-a7fb-f85bb1d42de7,Sure Spark,Family,PG,108,2/6/2018
73945785-4f04-458b-bdf4-f8762ec76140,Nautical Brick,Comedy,R,123,1/16/2018
ef5d7cfc-8fbc-4665-914f-f881c761a452,The Social Intrigue,Action/Adventure,R,127,4/24/2018
e9075fb8-5f2f-440a-ba31-f88b9a1cfba6,Mysterious Extraction,Family,PG,76,7/11/2017
6f2cd3a8-c19c-42c1-bf8d-f98431cc2a01,The Hand of War,Comedy,R,80,6/12/2018
18c10767-25b2-4315-b5d7-fa99f2cb0020,Great Pizza,Romance,PG=13,104,3/13/2018
f2f39111-3516-4b5a-9ad3-fae140140157,The New Pirate,Family,PG,85,8/8/2017
07dd274a-4604-4a9b-aa20-fb2da64b4060,Pirate Factory,Action/Adventure,R,150,4/4/2017
ef29643e-1e81-46e2-b020-fb5cbfc830ac,The Random Engine,Comedy,R,126,6/20/2017
054e1897-13a3-4731-91a6-fb72bce88541,The Real Garden,Family,PG,70,7/4/2017
d56d701a-3098-4ea0-b5a4-fc9b7d78186c,Extraction Cube,Action/Adventure,PG,129,8/22/2017
66be2b0d-9564-4c13-87bb-fcbcaf563742,Brick of Intrigue,Romance,PG,89,7/11/2017
1df993c3-3378-4270-b3e9-fcdacb97ae98,Forest of Garden,Science Fiction,R,182,11/21/2017
d6641439-78ea-4efa-b60d-fd097008b4f0,The Dogs of Sorrow,Family,PG,103,4/11/2017
74be8e75-6ebf-4628-bcb2-fd7daea7ce4e,The Western Generation,Romance,R,108,10/31/2017
769e8ad8-c81b-4bd9-8ede-fda3f9a4e5c9,Extraction Generation,Family,PG,98,5/1/2018
8d00c886-29f2-4e4e-8953-fe0df2e219d7,The Old Generation,Comedy,R,98,4/3/2018
164297b3-045a-4024-8361-fe12256fa2b7,Spark Pizza,Science Fiction,PG,143,9/5/2017
dfa5d136-68cd-41aa-8c95-fe7711c89f12,Space Journey,Family,PG=13,105,7/4/2017
87b780a3-044d-433b-8fd3-feb2c0d4f6d7,Old Stream,Comedy,R,95,10/17/2017
5ea3e986-9430-4832-b316-feb2f69fa5f2,Robot Card,Romance,PG=13,92,3/6/2018
af25ba22-8192-4b9a-b302-ff0788a7f1f4,Pirate of Card,Science Fiction,R,116,6/26/2018
f0e348cf-1351-42d6-89ce-ff36b356cacb,The Local Robot,Action/Adventure,PG,111,9/12/2017
